DataMedicao,Cota(m),VolumeAtual(hm3)
1/1/07,113.68,3697.18
2/1/07,113.64,3691.96
3/1/07,113.60,3686.74
4/1/07,113.55,3680.22
5/1/07,113.51,3675.01
6/1/07,113.47,3669.79
7/1/07,113.43,3664.58
8/1/07,113.38,3658.06
9/1/07,113.33,3651.54
10/1/07,113.29,3646.32
11/1/07,113.24,3639.80
12/1/07,113.20,3634.59
13/1/07,113.15,3628.07
14/1/07,113.10,3621.55
15/1/07,113.05,3615.03
16/1/07,113.00,3608.51
17/1/07,112.97,3604.60
18/1/07,112.97,3604.60
19/1/07,112.97,3604.60
20/1/07,112.97,3604.60
21/1/07,112.97,3604.60
22/1/07,112.97,3604.60
23/1/07,112.98,3605.90
24/1/07,112.98,3605.90
25/1/07,112.98,3605.90
26/1/07,112.98,3605.90
27/1/07,112.97,3604.60
28/1/07,112.96,3603.29
29/1/07,112.96,3603.29
30/1/07,112.94,3600.69
31/1/07,112.93,3599.38
1/2/07,112.92,3598.08
2/2/07,112.90,3595.47
3/2/07,112.89,3594.17
4/2/07,112.88,3592.86
5/2/07,112.86,3590.26
6/2/07,112.84,3587.65
7/2/07,112.82,3585.04
8/2/07,112.80,3582.43
9/2/07,112.80,3582.43
10/2/07,112.79,3581.13
11/2/07,112.78,3579.82
12/2/07,112.76,3577.22
13/2/07,112.74,3574.61
14/2/07,112.82,3585.04
15/2/07,113.00,3608.51
16/2/07,113.26,3642.41
17/2/07,113.52,3676.31
18/2/07,113.78,3710.21
19/2/07,114.04,3744.12
20/2/07,114.30,3778.02
21/2/07,114.56,3811.92
22/2/07,114.85,3849.73
23/2/07,114.94,3861.47
24/2/07,114.96,3864.07
25/2/07,114.98,3866.68
26/2/07,115.00,3869.29
27/2/07,115.00,3869.29
28/2/07,115.00,3869.29
1/3/07,115.00,3869.29
2/3/07,115.00,3869.29
3/3/07,114.95,3862.77
4/3/07,114.90,3856.25
5/3/07,114.86,3851.04
6/3/07,114.80,3843.21
7/3/07,114.80,3843.21
8/3/07,114.79,3841.91
9/3/07,114.80,3843.21
10/3/07,114.80,3843.21
11/3/07,114.80,3843.21
12/3/07,114.80,3843.21
13/3/07,114.83,3847.12
14/3/07,114.87,3852.34
15/3/07,114.87,3852.34
16/3/07,114.91,3857.55
17/3/07,114.93,3860.16
18/3/07,114.93,3860.16
19/3/07,114.95,3862.77
20/3/07,114.99,3867.99
21/3/07,115.00,3869.29
22/3/07,115.00,3869.29
23/3/07,114.96,3864.07
24/3/07,114.96,3864.07
25/3/07,114.97,3865.38
26/3/07,114.97,3865.38
27/3/07,114.98,3866.68
28/3/07,114.98,3866.68
29/3/07,114.98,3866.68
30/3/07,114.98,3866.68
31/3/07,114.96,3864.07
1/4/07,114.93,3860.16
2/4/07,114.93,3860.16
3/4/07,114.84,3848.43
4/4/07,114.84,3848.43
5/4/07,114.84,3848.43
6/4/07,114.84,3848.43
7/4/07,114.85,3849.73
8/4/07,114.85,3849.73
9/4/07,114.85,3849.73
10/4/07,114.84,3848.43
11/4/07,114.84,3848.43
12/4/07,114.84,3848.43
13/4/07,114.84,3848.43
14/4/07,114.86,3851.04
15/4/07,114.86,3851.04
16/4/07,114.88,3853.64
17/4/07,114.92,3858.86
18/4/07,114.92,3858.86
19/4/07,114.95,3862.77
20/4/07,114.96,3864.07
21/4/07,114.94,3861.47
22/4/07,114.94,3861.47
23/4/07,114.92,3858.86
24/4/07,114.90,3856.25
25/4/07,114.89,3854.95
26/4/07,114.89,3854.95
27/4/07,114.88,3853.64
28/4/07,114.86,3851.04
29/4/07,114.86,3851.04
30/4/07,114.84,3848.43
1/5/07,114.84,3848.43
2/5/07,114.82,3845.82
3/5/07,114.82,3845.82
4/5/07,114.80,3843.21
5/5/07,114.76,3838.00
6/5/07,114.76,3838.00
7/5/07,114.74,3835.39
8/5/07,114.70,3830.17
9/5/07,114.67,3826.26
10/5/07,114.64,3822.35
11/5/07,114.63,3821.05
12/5/07,114.60,3817.13
13/5/07,114.60,3817.13
14/5/07,114.60,3817.13
15/5/07,114.54,3809.31
16/5/07,114.51,3805.40
17/5/07,114.48,3801.49
18/5/07,114.45,3797.58
19/5/07,114.40,3791.06
20/5/07,114.40,3791.06
21/5/07,114.36,3785.84
22/5/07,114.33,3781.93
23/5/07,114.29,3776.71
24/5/07,114.25,3771.50
25/5/07,114.20,3764.98
26/5/07,114.14,3757.15
27/5/07,114.14,3757.15
28/5/07,114.06,3746.72
29/5/07,114.03,3742.81
30/5/07,114.00,3738.90
31/5/07,113.97,3734.99
1/6/07,113.99,3737.60
2/6/07,113.94,3731.08
3/6/07,113.94,3731.08
4/6/07,113.90,3725.86
5/6/07,113.87,3721.95
6/6/07,113.84,3718.04
7/6/07,113.82,3715.43
8/6/07,113.80,3712.82
9/6/07,113.75,3706.30
10/6/07,113.75,3706.30
11/6/07,113.70,3699.78
12/6/07,113.67,3695.87
13/6/07,113.64,3691.96
14/6/07,113.60,3686.74
15/6/07,113.57,3682.83
16/6/07,113.53,3677.62
17/6/07,113.53,3677.62
18/6/07,113.49,3672.40
19/6/07,113.47,3669.79
20/6/07,113.44,3665.88
21/6/07,113.41,3661.97
22/6/07,113.38,3658.06
23/6/07,113.35,3654.15
24/6/07,113.35,3654.15
25/6/07,113.31,3648.93
26/6/07,113.28,3645.02
27/6/07,113.26,3642.41
28/6/07,113.24,3639.80
29/6/07,113.22,3637.20
30/6/07,113.21,3635.89
1/7/07,113.21,3635.89
2/7/07,113.20,3634.59
3/7/07,113.20,3634.59
4/7/07,113.20,3634.59
5/7/07,113.20,3634.59
6/7/07,113.20,3634.59
7/7/07,113.18,3631.98
8/7/07,113.18,3631.98
9/7/07,113.16,3629.37
10/7/07,113.15,3628.07
11/7/07,113.14,3626.76
12/7/07,113.13,3625.46
13/7/07,113.14,3626.76
14/7/07,113.15,3628.07
15/7/07,113.15,3628.07
16/7/07,113.15,3628.07
17/7/07,113.15,3628.07
18/7/07,113.15,3628.07
19/7/07,113.14,3626.76
20/7/07,113.14,3626.76
21/7/07,113.12,3624.16
22/7/07,113.12,3624.16
23/7/07,113.12,3624.16
24/7/07,113.11,3622.85
25/7/07,113.10,3621.55
26/7/07,113.09,3620.25
27/7/07,113.07,3617.64
28/7/07,113.05,3615.03
29/7/07,113.05,3615.03
30/7/07,113.04,3613.73
31/7/07,113.03,3612.42
1/8/07,113.03,3612.42
2/8/07,113.02,3611.12
3/8/07,113.02,3611.12
4/8/07,113.01,3609.81
5/8/07,113.01,3609.81
6/8/07,113.00,3608.51
7/8/07,113.00,3608.51
8/8/07,113.00,3608.51
9/8/07,113.00,3608.51
10/8/07,113.00,3608.51
11/8/07,113.00,3608.51
12/8/07,113.00,3608.51
13/8/07,113.00,3608.51
14/8/07,113.00,3608.51
15/8/07,112.98,3605.90
16/8/07,112.98,3605.90
17/8/07,112.98,3605.90
18/8/07,112.96,3603.29
19/8/07,112.96,3603.29
20/8/07,112.96,3603.29
21/8/07,112.94,3600.69
22/8/07,112.92,3598.08
23/8/07,112.92,3598.08
24/8/07,112.91,3596.77
25/8/07,112.92,3598.08
26/8/07,112.92,3598.08
27/8/07,112.92,3598.08
28/8/07,112.92,3598.08
29/8/07,112.93,3599.38
30/8/07,112.95,3601.99
31/8/07,112.95,3601.99
1/9/07,112.95,3601.99
2/9/07,112.95,3601.99
3/9/07,112.95,3601.99
4/9/07,112.94,3600.69
5/9/07,112.94,3600.69
6/9/07,112.94,3600.69
7/9/07,112.92,3598.08
8/9/07,112.92,3598.08
9/9/07,112.92,3598.08
10/9/07,112.92,3598.08
11/9/07,112.92,3598.08
12/9/07,112.92,3598.08
13/9/07,112.92,3598.08
14/9/07,112.91,3596.77
15/9/07,112.88,3592.86
16/9/07,112.88,3592.86
17/9/07,112.88,3592.86
18/9/07,112.87,3591.56
19/9/07,112.86,3590.26
20/9/07,112.85,3588.95
21/9/07,112.85,3588.95
22/9/07,112.87,3591.56
23/9/07,112.87,3591.56
24/9/07,112.87,3591.56
25/9/07,112.87,3591.56
26/9/07,112.87,3591.56
27/9/07,112.86,3590.26
28/9/07,112.86,3590.26
29/9/07,112.86,3590.26
30/9/07,112.86,3590.26
1/10/07,112.86,3590.26
2/10/07,112.84,3587.65
3/10/07,112.84,3587.65
4/10/07,112.84,3587.65
5/10/07,112.84,3587.65
6/10/07,112.85,3588.95
7/10/07,112.85,3588.95
8/10/07,112.85,3588.95
9/10/07,112.82,3585.04
10/10/07,112.81,3583.74
11/10/07,112.80,3582.43
12/10/07,112.80,3582.43
13/10/07,112.77,3578.52
14/10/07,112.77,3578.52
15/10/07,112.77,3578.52
16/10/07,112.77,3578.52
17/10/07,112.77,3578.52
18/10/07,112.77,3578.52
19/10/07,112.77,3578.52
20/10/07,112.74,3574.61
21/10/07,112.74,3574.61
22/10/07,112.74,3574.61
23/10/07,112.74,3574.61
24/10/07,112.73,3573.30
25/10/07,112.73,3573.30
26/10/07,112.72,3572.00
27/10/07,112.69,3568.09
28/10/07,112.69,3568.09
29/10/07,112.69,3568.09
30/10/07,112.68,3566.79
31/10/07,112.66,3564.18
1/11/07,112.65,3562.87
2/11/07,112.65,3562.87
3/11/07,112.60,3556.35
4/11/07,112.60,3556.35
5/11/07,112.60,3556.35
6/11/07,112.58,3553.75
7/11/07,112.58,3553.75
8/11/07,112.54,3548.53
9/11/07,112.54,3548.53
10/11/07,112.48,3540.71
11/11/07,112.48,3540.71
12/11/07,112.48,3540.71
13/11/07,112.45,3536.80
14/11/07,112.45,3536.80
15/11/07,112.42,3532.88
16/11/07,112.42,3532.88
17/11/07,112.36,3525.06
18/11/07,112.36,3525.06
19/11/07,112.36,3525.06
20/11/07,112.34,3522.45
21/11/07,112.32,3519.84
22/11/07,112.31,3518.54
23/11/07,112.30,3517.24
24/11/07,112.26,3512.02
25/11/07,112.26,3512.02
26/11/07,112.26,3512.02
27/11/07,112.24,3509.41
28/11/07,112.22,3506.81
29/11/07,112.21,3505.50
30/11/07,112.20,3504.20
1/12/07,112.18,3501.59
2/12/07,112.18,3501.59
3/12/07,112.16,3498.98
4/12/07,112.14,3496.37
5/12/07,112.13,3495.07
6/12/07,112.12,3493.77
7/12/07,112.12,3493.77
8/12/07,112.20,3504.20
9/12/07,112.20,3504.20
10/12/07,112.20,3504.20
11/12/07,112.22,3506.81
12/12/07,112.23,3508.11
13/12/07,112.24,3509.41
14/12/07,112.24,3509.41
15/12/07,112.26,3512.02
16/12/07,112.26,3512.02
17/12/07,112.26,3512.02
18/12/07,112.26,3512.02
19/12/07,112.25,3510.72
20/12/07,112.25,3510.72
21/12/07,112.24,3509.41
22/12/07,112.30,3517.24
23/12/07,112.30,3517.24
24/12/07,112.30,3517.24
25/12/07,112.34,3522.45
26/12/07,112.38,3527.67
27/12/07,112.40,3530.28
28/12/07,112.42,3532.88
29/12/07,112.43,3534.19
30/12/07,112.43,3534.19
31/12/07,112.43,3534.19
1/1/08,112.43,3534.19
2/1/08,112.43,3534.19
3/1/08,112.42,3532.88
4/1/08,112.42,3532.88
5/1/08,112.39,3528.97
6/1/08,112.39,3528.97
7/1/08,112.39,3528.97
8/1/08,112.38,3527.67
9/1/08,112.37,3526.36
10/1/08,112.36,3525.06
11/1/08,112.34,3522.45
12/1/08,112.32,3519.84
13/1/08,112.30,3517.24
14/1/08,112.28,3514.63
15/1/08,112.27,3513.33
16/1/08,112.26,3512.02
17/1/08,112.24,3509.41
18/1/08,112.24,3509.41
19/1/08,112.22,3506.81
20/1/08,112.20,3504.20
21/1/08,112.18,3501.59
22/1/08,112.18,3501.59
23/1/08,112.16,3498.98
24/1/08,112.14,3496.37
25/1/08,112.12,3493.77
26/1/08,112.10,3491.16
27/1/08,112.08,3488.55
28/1/08,112.06,3485.94
29/1/08,112.06,3485.94
30/1/08,112.03,3482.03
31/1/08,112.01,3479.42
1/2/08,112.01,3479.42
2/2/08,112.01,3479.42
3/2/08,112.01,3479.42
4/2/08,112.01,3479.42
5/2/08,112.05,3484.64
6/2/08,112.05,3484.64
7/2/08,112.07,3487.25
8/2/08,112.07,3487.25
9/2/08,112.05,3484.64
10/2/08,112.04,3483.34
11/2/08,112.03,3482.03
12/2/08,112.03,3482.03
13/2/08,112.02,3480.73
14/2/08,112.04,3483.34
15/2/08,112.03,3482.03
16/2/08,111.97,3474.21
17/2/08,111.95,3471.60
18/2/08,111.94,3470.30
19/2/08,111.94,3470.30
20/2/08,111.92,3467.69
21/2/08,111.91,3466.38
22/2/08,111.90,3465.08
23/2/08,111.89,3463.78
24/2/08,111.87,3461.17
25/2/08,111.85,3458.56
26/2/08,111.86,3459.87
27/2/08,111.87,3461.17
28/2/08,112.07,3487.25
29/2/08,112.27,3513.33
1/3/08,112.63,3560.27
2/3/08,112.99,3607.21
3/3/08,113.35,3654.15
4/3/08,113.39,3659.36
5/3/08,113.41,3661.97
6/3/08,113.43,3664.58
7/3/08,113.43,3664.58
8/3/08,113.39,3659.36
9/3/08,113.35,3654.15
10/3/08,113.32,3650.23
11/3/08,113.27,3643.72
12/3/08,113.23,3638.50
13/3/08,113.21,3635.89
14/3/08,113.19,3633.28
15/3/08,113.18,3631.98
16/3/08,113.16,3629.37
17/3/08,113.14,3626.76
18/3/08,113.12,3624.16
19/3/08,113.10,3621.55
20/3/08,113.10,3621.55
21/3/08,113.10,3621.55
22/3/08,113.14,3626.76
23/3/08,113.11,3622.85
24/3/08,113.11,3622.85
25/3/08,113.11,3622.85
26/3/08,113.10,3621.55
27/3/08,113.11,3622.85
28/3/08,113.14,3626.76
29/3/08,113.18,3631.98
30/3/08,113.22,3637.20
31/3/08,113.25,3641.11
1/4/08,113.27,3643.72
2/4/08,113.30,3647.63
3/4/08,113.30,3647.63
4/4/08,113.30,3647.63
5/4/08,113.39,3659.36
6/4/08,113.48,3671.10
7/4/08,113.57,3682.83
8/4/08,113.69,3698.48
9/4/08,113.82,3715.43
10/4/08,113.95,3732.38
11/4/08,114.05,3745.42
12/4/08,114.15,3758.46
13/4/08,114.25,3771.50
14/4/08,114.35,3784.54
15/4/08,114.39,3789.75
16/4/08,114.40,3791.06
17/4/08,114.42,3793.66
18/4/08,114.42,3793.66
19/4/08,114.38,3788.45
20/4/08,114.38,3788.45
21/4/08,114.35,3784.54
22/4/08,114.35,3784.54
23/4/08,114.32,3780.62
24/4/08,114.31,3779.32
25/4/08,114.29,3776.71
26/4/08,114.26,3772.80
27/4/08,114.23,3768.89
28/4/08,114.19,3763.67
29/4/08,114.15,3758.46
30/4/08,114.12,3754.55
1/5/08,114.09,3750.64
2/5/08,114.06,3746.72
3/5/08,114.03,3742.81
4/5/08,114.00,3738.90
5/5/08,113.97,3734.99
6/5/08,113.94,3731.08
7/5/08,113.94,3731.08
8/5/08,113.90,3725.86
9/5/08,113.86,3720.65
10/5/08,113.88,3723.25
11/5/08,113.85,3719.34
12/5/08,113.82,3715.43
13/5/08,113.75,3706.30
14/5/08,113.73,3703.69
15/5/08,113.72,3702.39
16/5/08,113.71,3701.09
17/5/08,113.69,3698.48
18/5/08,113.68,3697.18
19/5/08,113.66,3694.57
20/5/08,113.64,3691.96
21/5/08,113.61,3688.05
22/5/08,113.57,3682.83
23/5/08,113.54,3678.92
24/5/08,113.52,3676.31
25/5/08,113.50,3673.71
26/5/08,113.47,3669.79
27/5/08,113.43,3664.58
28/5/08,113.40,3660.67
29/5/08,113.35,3654.15
30/5/08,113.32,3650.23
31/5/08,113.28,3645.02
1/6/08,113.24,3639.80
2/6/08,113.20,3634.59
3/6/08,113.16,3629.37
4/6/08,113.12,3624.16
5/6/08,113.08,3618.94
6/6/08,113.04,3613.73
7/6/08,113.02,3611.12
8/6/08,113.02,3611.12
9/6/08,113.00,3608.51
10/6/08,113.00,3608.51
11/6/08,113.00,3608.51
12/6/08,113.00,3608.51
13/6/08,113.00,3608.51
14/6/08,112.98,3605.90
15/6/08,112.98,3605.90
16/6/08,112.99,3607.21
17/6/08,112.94,3600.69
18/6/08,112.94,3600.69
19/6/08,112.92,3598.08
20/6/08,112.92,3598.08
21/6/08,112.91,3596.77
22/6/08,112.93,3599.38
23/6/08,112.94,3600.69
24/6/08,112.96,3603.29
25/6/08,112.97,3604.60
26/6/08,112.97,3604.60
27/6/08,112.99,3607.21
28/6/08,113.00,3608.51
29/6/08,113.01,3609.81
30/6/08,113.02,3611.12
1/7/08,113.03,3612.42
2/7/08,113.03,3612.42
3/7/08,113.03,3612.42
4/7/08,113.03,3612.42
5/7/08,113.02,3611.12
6/7/08,113.02,3611.12
7/7/08,113.02,3611.12
8/7/08,113.03,3612.42
9/7/08,113.05,3615.03
10/7/08,113.08,3618.94
11/7/08,113.10,3621.55
12/7/08,113.12,3624.16
13/7/08,113.14,3626.76
14/7/08,113.15,3628.07
15/7/08,113.16,3629.37
16/7/08,113.16,3629.37
17/7/08,113.15,3628.07
18/7/08,113.15,3628.07
19/7/08,113.16,3629.37
20/7/08,113.16,3629.37
21/7/08,113.16,3629.37
22/7/08,113.16,3629.37
23/7/08,113.16,3629.37
24/7/08,113.14,3626.76
25/7/08,113.12,3624.16
26/7/08,113.10,3621.55
27/7/08,113.09,3620.25
28/7/08,113.08,3618.94
29/7/08,113.06,3616.33
30/7/08,113.05,3615.03
31/7/08,113.02,3611.12
1/8/08,113.00,3608.51
2/8/08,112.99,3607.21
3/8/08,112.97,3604.60
4/8/08,112.99,3607.21
5/8/08,112.97,3604.60
6/8/08,112.97,3604.60
7/8/08,112.94,3600.69
8/8/08,112.95,3601.99
9/8/08,112.94,3600.69
10/8/08,112.92,3598.08
11/8/08,112.91,3596.77
12/8/08,112.91,3596.77
13/8/08,112.90,3595.47
14/8/08,112.89,3594.17
15/8/08,112.88,3592.86
16/8/08,112.87,3591.56
17/8/08,112.87,3591.56
18/8/08,112.86,3590.26
19/8/08,112.85,3588.95
20/8/08,112.84,3587.65
21/8/08,112.83,3586.34
22/8/08,112.82,3585.04
23/8/08,112.81,3583.74
24/8/08,112.80,3582.43
25/8/08,112.79,3581.13
26/8/08,112.79,3581.13
27/8/08,112.77,3578.52
28/8/08,112.76,3577.22
29/8/08,112.74,3574.61
30/8/08,112.72,3572.00
31/8/08,112.71,3570.70
1/9/08,112.70,3569.39
2/9/08,112.70,3569.39
3/9/08,112.69,3568.09
4/9/08,112.69,3568.09
5/9/08,112.69,3568.09
6/9/08,112.67,3565.48
7/9/08,112.66,3564.18
8/9/08,112.65,3562.87
9/9/08,112.64,3561.57
10/9/08,112.62,3558.96
11/9/08,112.61,3557.66
12/9/08,112.60,3556.35
13/9/08,112.59,3555.05
14/9/08,112.58,3553.75
15/9/08,112.56,3551.14
16/9/08,112.55,3549.83
17/9/08,112.54,3548.53
18/9/08,112.52,3545.92
19/9/08,112.51,3544.62
20/9/08,112.50,3543.32
21/9/08,112.50,3543.32
22/9/08,112.49,3542.01
23/9/08,112.48,3540.71
24/9/08,112.46,3538.10
25/9/08,112.45,3536.80
26/9/08,112.44,3535.49
27/9/08,112.43,3534.19
28/9/08,112.42,3532.88
29/9/08,112.41,3531.58
30/9/08,112.40,3530.28
1/10/08,112.38,3527.67
2/10/08,112.37,3526.36
3/10/08,112.35,3523.76
4/10/08,112.34,3522.45
5/10/08,112.32,3519.84
6/10/08,112.31,3518.54
7/10/08,112.30,3517.24
8/10/08,112.28,3514.63
9/10/08,112.28,3514.63
10/10/08,112.28,3514.63
11/10/08,112.26,3512.02
12/10/08,112.25,3510.72
13/10/08,112.24,3509.41
14/10/08,112.23,3508.11
15/10/08,112.21,3505.50
16/10/08,112.20,3504.20
17/10/08,112.19,3502.89
18/10/08,112.17,3500.29
19/10/08,112.15,3497.68
20/10/08,112.14,3496.37
21/10/08,112.13,3495.07
22/10/08,112.11,3492.46
23/10/08,112.10,3491.16
24/10/08,112.08,3488.55
25/10/08,112.06,3485.94
26/10/08,112.04,3483.34
27/10/08,112.02,3480.73
28/10/08,112.00,3478.12
29/10/08,111.98,3475.51
30/10/08,111.97,3474.21
31/10/08,111.96,3472.90
1/11/08,111.95,3471.60
2/11/08,111.94,3470.30
3/11/08,111.92,3467.69
4/11/08,111.91,3466.38
5/11/08,111.89,3463.78
6/11/08,111.87,3461.17
7/11/08,111.85,3458.56
8/11/08,111.83,3455.95
9/11/08,111.82,3454.65
10/11/08,111.79,3450.74
11/11/08,111.78,3449.43
12/11/08,111.76,3446.83
13/11/08,111.74,3444.22
14/11/08,111.72,3441.61
15/11/08,111.70,3439.00
16/11/08,111.69,3437.70
17/11/08,111.66,3433.79
18/11/08,111.65,3432.48
19/11/08,111.63,3429.88
20/11/08,111.61,3427.27
21/11/08,111.60,3425.96
22/11/08,111.58,3423.36
23/11/08,111.56,3420.75
24/11/08,111.54,3418.14
25/11/08,111.53,3416.84
26/11/08,111.53,3416.84
27/11/08,111.51,3414.23
28/11/08,111.50,3412.93
29/11/08,111.48,3410.32
30/11/08,111.51,3414.23
1/12/08,111.55,3419.44
2/12/08,111.66,3433.79
3/12/08,111.76,3446.83
4/12/08,111.88,3462.47
5/12/08,111.98,3475.51
6/12/08,112.05,3484.64
7/12/08,112.12,3493.77
8/12/08,112.19,3502.89
9/12/08,112.26,3512.02
10/12/08,112.38,3527.67
11/12/08,112.46,3538.10
12/12/08,112.54,3548.53
13/12/08,112.62,3558.96
14/12/08,112.71,3570.70
15/12/08,112.80,3582.43
16/12/08,112.90,3595.47
17/12/08,112.97,3604.60
18/12/08,113.02,3611.12
19/12/08,113.07,3617.64
20/12/08,113.09,3620.25
21/12/08,113.11,3622.85
22/12/08,113.13,3625.46
23/12/08,113.14,3626.76
24/12/08,113.15,3628.07
25/12/08,113.19,3633.28
26/12/08,113.23,3638.50
27/12/08,113.27,3643.72
28/12/08,113.31,3648.93
29/12/08,113.35,3654.15
30/12/08,113.46,3668.49
31/12/08,113.54,3678.92
1/1/09,113.62,3689.35
2/1/09,113.70,3699.78
3/1/09,113.78,3710.21
4/1/09,113.86,3720.65
5/1/09,113.93,3729.77
6/1/09,113.90,3725.86
7/1/09,113.87,3721.95
8/1/09,113.85,3719.34
9/1/09,113.83,3716.73
10/1/09,113.81,3714.13
11/1/09,113.80,3712.82
12/1/09,113.79,3711.52
13/1/09,113.84,3718.04
14/1/09,113.90,3725.86
15/1/09,113.96,3733.68
16/1/09,114.00,3738.90
17/1/09,114.02,3741.51
18/1/09,114.04,3744.12
19/1/09,114.07,3748.03
20/1/09,114.08,3749.33
21/1/09,114.07,3748.03
22/1/09,114.06,3746.72
23/1/09,114.04,3744.12
24/1/09,114.02,3741.51
25/1/09,114.01,3740.20
26/1/09,114.00,3738.90
27/1/09,113.99,3737.60
28/1/09,113.92,3728.47
29/1/09,113.95,3732.38
30/1/09,113.93,3729.77
31/1/09,113.91,3727.16
1/2/09,113.89,3724.56
2/2/09,113.86,3720.65
3/2/09,113.84,3718.04
4/2/09,113.83,3716.73
5/2/09,113.81,3714.13
6/2/09,113.80,3712.82
7/2/09,113.78,3710.21
8/2/09,113.76,3707.61
9/2/09,113.73,3703.69
10/2/09,113.71,3701.09
11/2/09,113.69,3698.48
12/2/09,113.67,3695.87
13/2/09,113.64,3691.96
14/2/09,113.61,3688.05
15/2/09,113.58,3684.14
16/2/09,113.55,3680.22
17/2/09,113.52,3676.31
18/2/09,113.50,3673.71
19/2/09,113.47,3669.79
20/2/09,113.44,3665.88
21/2/09,113.41,3661.97
22/2/09,113.38,3658.06
23/2/09,113.38,3658.06
24/2/09,113.38,3658.06
25/2/09,113.37,3656.75
26/2/09,113.35,3654.15
27/2/09,113.31,3648.93
28/2/09,113.30,3647.63
1/3/09,113.30,3647.63
2/3/09,113.29,3646.32
3/3/09,113.28,3645.02
4/3/09,113.27,3643.72
5/3/09,113.25,3641.11
6/3/09,113.24,3639.80
7/3/09,113.22,3637.20
8/3/09,113.20,3634.59
9/3/09,113.18,3631.98
10/3/09,113.15,3628.07
11/3/09,113.12,3624.16
12/3/09,113.10,3621.55
13/3/09,113.07,3617.64
14/3/09,113.04,3613.73
15/3/09,113.00,3608.51
16/3/09,112.96,3603.29
17/3/09,112.94,3600.69
18/3/09,112.94,3600.69
19/3/09,112.94,3600.69
20/3/09,112.92,3598.08
21/3/09,112.90,3595.47
22/3/09,112.89,3594.17
23/3/09,112.88,3592.86
24/3/09,112.86,3590.26
25/3/09,112.84,3587.65
26/3/09,112.83,3586.34
27/3/09,112.82,3585.04
28/3/09,112.81,3583.74
29/3/09,112.80,3582.43
30/3/09,112.79,3581.13
31/3/09,112.79,3581.13
1/4/09,112.79,3581.13
2/4/09,112.80,3582.43
3/4/09,112.80,3582.43
4/4/09,112.83,3586.34
5/4/09,112.83,3586.34
6/4/09,112.84,3587.65
7/4/09,112.84,3587.65
8/4/09,112.85,3588.95
9/4/09,112.90,3595.47
10/4/09,112.97,3604.60
11/4/09,113.08,3618.94
12/4/09,113.18,3631.98
13/4/09,113.25,3641.11
14/4/09,113.30,3647.63
15/4/09,113.35,3654.15
16/4/09,113.42,3663.27
17/4/09,113.52,3676.31
18/4/09,113.64,3691.96
19/4/09,113.77,3708.91
20/4/09,113.88,3723.25
21/4/09,113.94,3731.08
22/4/09,114.02,3741.51
23/4/09,114.10,3751.94
24/4/09,114.15,3758.46
25/4/09,114.19,3763.67
26/4/09,114.24,3770.19
27/4/09,114.30,3778.02
28/4/09,114.35,3784.54
29/4/09,114.40,3791.06
30/4/09,114.43,3794.97
1/5/09,114.48,3801.49
2/5/09,114.51,3805.40
3/5/09,114.53,3808.01
4/5/09,114.54,3809.31
5/5/09,114.56,3811.92
6/5/09,114.58,3814.53
7/5/09,114.60,3817.13
8/5/09,114.62,3819.74
9/5/09,114.65,3823.65
10/5/09,114.67,3826.26
11/5/09,114.70,3830.17
12/5/09,114.72,3832.78
13/5/09,114.74,3835.39
14/5/09,114.76,3838.00
15/5/09,114.78,3840.60
16/5/09,114.78,3840.60
17/5/09,114.80,3843.21
18/5/09,114.86,3851.04
19/5/09,114.88,3853.64
20/5/09,114.87,3852.34
21/5/09,114.86,3851.04
22/5/09,114.84,3848.43
23/5/09,114.88,3853.64
24/5/09,114.90,3856.25
25/5/09,114.93,3860.16
26/5/09,114.93,3860.16
27/5/09,114.92,3858.86
28/5/09,114.91,3857.55
29/5/09,114.90,3856.25
30/5/09,114.89,3854.95
31/5/09,114.88,3853.64
1/6/09,114.87,3852.34
2/6/09,114.85,3849.73
3/6/09,114.83,3847.12
4/6/09,114.82,3845.82
5/6/09,114.81,3844.52
6/6/09,114.80,3843.21
7/6/09,114.78,3840.60
8/6/09,114.79,3841.91
9/6/09,114.82,3845.82
10/6/09,114.86,3851.04
11/6/09,114.88,3853.64
12/6/09,114.90,3856.25
13/6/09,114.91,3857.55
14/6/09,114.92,3858.86
15/6/09,114.93,3860.16
16/6/09,114.94,3861.47
17/6/09,114.94,3861.47
18/6/09,114.94,3861.47
19/6/09,114.93,3860.16
20/6/09,114.92,3858.86
21/6/09,114.90,3856.25
22/6/09,114.89,3854.95
23/6/09,114.88,3853.64
24/6/09,114.86,3851.04
25/6/09,114.85,3849.73
26/6/09,114.83,3847.12
27/6/09,114.81,3844.52
28/6/09,114.79,3841.91
29/6/09,114.76,3838.00
30/6/09,114.74,3835.39
1/7/09,114.71,3831.48
2/7/09,114.69,3828.87
3/7/09,114.66,3824.96
4/7/09,114.63,3821.05
5/7/09,114.60,3817.13
6/7/09,114.58,3814.53
7/7/09,114.55,3810.61
8/7/09,114.53,3808.01
9/7/09,114.51,3805.40
10/7/09,114.48,3801.49
11/7/09,114.47,3800.18
12/7/09,114.45,3797.58
13/7/09,114.42,3793.66
14/7/09,114.40,3791.06
15/7/09,114.37,3787.14
16/7/09,114.35,3784.54
17/7/09,114.33,3781.93
18/7/09,114.30,3778.02
19/7/09,114.29,3776.71
20/7/09,114.27,3774.11
21/7/09,114.22,3767.59
22/7/09,114.19,3763.67
23/7/09,114.19,3763.67
24/7/09,114.18,3762.37
25/7/09,114.18,3762.37
26/7/09,114.18,3762.37
27/7/09,114.17,3761.07
28/7/09,114.17,3761.07
29/7/09,114.15,3758.46
30/7/09,114.14,3757.15
31/7/09,114.14,3757.15
1/8/09,114.14,3757.15
2/8/09,114.15,3758.46
3/8/09,114.15,3758.46
4/8/09,114.15,3758.46
5/8/09,114.15,3758.46
6/8/09,114.14,3757.15
7/8/09,114.13,3755.85
8/8/09,114.12,3754.55
9/8/09,114.12,3754.55
10/8/09,114.12,3754.55
11/8/09,114.10,3751.94
12/8/09,114.10,3751.94
13/8/09,114.09,3750.64
14/8/09,114.08,3749.33
15/8/09,114.07,3748.03
16/8/09,114.04,3744.12
17/8/09,114.02,3741.51
18/8/09,114.00,3738.90
19/8/09,113.97,3734.99
20/8/09,113.95,3732.38
21/8/09,113.92,3728.47
22/8/09,113.88,3723.25
23/8/09,113.85,3719.34
24/8/09,113.83,3716.73
25/8/09,113.80,3712.82
26/8/09,113.77,3708.91
27/8/09,113.74,3705.00
28/8/09,113.71,3701.09
29/8/09,113.68,3697.18
30/8/09,113.65,3693.26
31/8/09,113.63,3690.66
1/9/09,113.59,3685.44
2/9/09,113.56,3681.53
3/9/09,113.53,3677.62
4/9/09,113.50,3673.71
5/9/09,113.47,3669.79
6/9/09,113.44,3665.88
7/9/09,113.41,3661.97
8/9/09,113.37,3656.75
9/9/09,113.34,3652.84
10/9/09,113.31,3648.93
11/9/09,113.28,3645.02
12/9/09,113.23,3638.50
13/9/09,113.20,3634.59
14/9/09,113.16,3629.37
15/9/09,113.13,3625.46
16/9/09,113.09,3620.25
17/9/09,113.05,3615.03
18/9/09,113.02,3611.12
19/9/09,112.98,3605.90
20/9/09,112.96,3603.29
21/9/09,112.95,3601.99
22/9/09,112.93,3599.38
23/9/09,112.92,3598.08
24/9/09,112.91,3596.77
25/9/09,112.89,3594.17
26/9/09,112.88,3592.86
27/9/09,112.87,3591.56
28/9/09,112.86,3590.26
29/9/09,112.84,3587.65
30/9/09,112.82,3585.04
1/10/09,112.82,3585.04
2/10/09,112.80,3582.43
3/10/09,112.79,3581.13
4/10/09,112.78,3579.82
5/10/09,112.77,3578.52
6/10/09,112.76,3577.22
7/10/09,112.74,3574.61
8/10/09,112.73,3573.30
9/10/09,112.71,3570.70
10/10/09,112.70,3569.39
11/10/09,112.79,3581.13
12/10/09,112.93,3599.38
13/10/09,113.00,3608.51
14/10/09,113.02,3611.12
15/10/09,113.01,3609.81
16/10/09,113.00,3608.51
17/10/09,112.99,3607.21
18/10/09,112.98,3605.90
19/10/09,112.97,3604.60
20/10/09,112.96,3603.29
21/10/09,112.95,3601.99
22/10/09,112.93,3599.38
23/10/09,112.92,3598.08
24/10/09,112.95,3601.99
25/10/09,113.03,3612.42
26/10/09,113.11,3622.85
27/10/09,113.43,3664.58
28/10/09,113.60,3686.74
29/10/09,113.98,3736.29
30/10/09,114.21,3766.28
31/10/09,114.28,3775.41
1/11/09,114.37,3787.14
2/11/09,114.44,3796.27
3/11/09,114.48,3801.49
4/11/09,114.47,3800.18
5/11/09,114.45,3797.58
6/11/09,114.43,3794.97
7/11/09,114.40,3791.06
8/11/09,114.35,3784.54
9/11/09,114.28,3775.41
10/11/09,114.22,3767.59
11/11/09,114.15,3758.46
12/11/09,114.07,3748.03
13/11/09,113.99,3737.60
14/11/09,113.91,3727.16
15/11/09,113.81,3714.13
16/11/09,113.72,3702.39
17/11/09,113.63,3690.66
18/11/09,113.53,3677.62
19/11/09,113.44,3665.88
20/11/09,113.34,3652.84
21/11/09,113.28,3645.02
22/11/09,113.23,3638.50
23/11/09,113.17,3630.68
24/11/09,113.12,3624.16
25/11/09,113.11,3622.85
26/11/09,113.10,3621.55
27/11/09,113.07,3617.64
28/11/09,113.04,3613.73
29/11/09,113.00,3608.51
30/11/09,112.96,3603.29
1/12/09,112.95,3601.99
2/12/09,112.95,3601.99
3/12/09,112.94,3600.69
4/12/09,112.94,3600.69
5/12/09,112.94,3600.69
6/12/09,112.93,3599.38
7/12/09,112.91,3596.77
8/12/09,112.90,3595.47
9/12/09,112.92,3598.08
10/12/09,112.97,3604.60
11/12/09,113.01,3609.81
12/12/09,113.05,3615.03
13/12/09,113.07,3617.64
14/12/09,113.09,3620.25
15/12/09,113.10,3621.55
16/12/09,113.10,3621.55
17/12/09,113.11,3622.85
18/12/09,113.10,3621.55
19/12/09,113.10,3621.55
20/12/09,113.09,3620.25
21/12/09,113.09,3620.25
22/12/09,113.08,3618.94
23/12/09,113.08,3618.94
24/12/09,113.07,3617.64
25/12/09,113.05,3615.03
26/12/09,113.05,3615.03
27/12/09,113.04,3613.73
28/12/09,113.04,3613.73
29/12/09,113.03,3612.42
30/12/09,113.01,3609.81
31/12/09,113.00,3608.51
1/1/10,112.99,3607.21
2/1/10,112.99,3607.21
3/1/10,112.98,3605.90
4/1/10,112.97,3604.60
5/1/10,112.95,3601.99
6/1/10,112.97,3604.60
7/1/10,112.97,3604.60
8/1/10,112.97,3604.60
9/1/10,112.97,3604.60
10/1/10,112.96,3603.29
11/1/10,112.95,3601.99
12/1/10,112.95,3601.99
13/1/10,112.93,3599.38
14/1/10,112.94,3600.69
15/1/10,112.96,3603.29
16/1/10,113.02,3611.12
17/1/10,113.05,3615.03
18/1/10,113.05,3615.03
19/1/10,113.06,3616.33
20/1/10,113.10,3621.55
21/1/10,113.13,3625.46
22/1/10,113.16,3629.37
23/1/10,113.18,3631.98
24/1/10,113.19,3633.28
25/1/10,113.19,3633.28
26/1/10,113.19,3633.28
27/1/10,113.19,3633.28
28/1/10,113.19,3633.28
29/1/10,113.19,3633.28
30/1/10,113.18,3631.98
31/1/10,113.17,3630.68
1/2/10,113.16,3629.37
2/2/10,113.14,3626.76
3/2/10,113.13,3625.46
4/2/10,113.11,3622.85
5/2/10,113.09,3620.25
6/2/10,113.08,3618.94
7/2/10,113.07,3617.64
8/2/10,113.06,3616.33
9/2/10,113.04,3613.73
10/2/10,113.02,3611.12
11/2/10,113.01,3609.81
12/2/10,113.00,3608.51
13/2/10,112.98,3605.90
14/2/10,112.96,3603.29
15/2/10,112.95,3601.99
16/2/10,112.93,3599.38
17/2/10,112.91,3596.77
18/2/10,112.90,3595.47
19/2/10,112.88,3592.86
20/2/10,112.85,3588.95
21/2/10,112.83,3586.34
22/2/10,112.81,3583.74
23/2/10,112.79,3581.13
24/2/10,112.78,3579.82
25/2/10,112.77,3578.52
26/2/10,112.76,3577.22
27/2/10,112.75,3575.91
28/2/10,112.73,3573.30
1/3/10,112.70,3569.39
2/3/10,112.69,3568.09
3/3/10,112.67,3565.48
4/3/10,112.65,3562.87
5/3/10,112.65,3562.87
6/3/10,112.68,3566.79
7/3/10,112.69,3568.09
8/3/10,112.74,3574.61
9/3/10,112.77,3578.52
10/3/10,112.78,3579.82
11/3/10,112.78,3579.82
12/3/10,112.78,3579.82
13/3/10,112.77,3578.52
14/3/10,112.78,3579.82
15/3/10,112.79,3581.13
16/3/10,112.79,3581.13
17/3/10,112.80,3582.43
18/3/10,112.81,3583.74
19/3/10,112.81,3583.74
20/3/10,112.80,3582.43
21/3/10,112.79,3581.13
22/3/10,112.78,3579.82
23/3/10,112.91,3596.77
24/3/10,112.92,3598.08
25/3/10,112.95,3601.99
26/3/10,113.00,3608.51
27/3/10,113.02,3611.12
28/3/10,113.03,3612.42
29/3/10,113.08,3618.94
30/3/10,113.10,3621.55
31/3/10,113.13,3625.46
1/4/10,113.15,3628.07
2/4/10,113.17,3630.68
3/4/10,113.30,3647.63
4/4/10,113.46,3668.49
5/4/10,113.51,3675.01
6/4/10,113.53,3677.62
7/4/10,113.55,3680.22
8/4/10,113.88,3723.25
9/4/10,114.20,3764.98
10/4/10,114.33,3781.93
11/4/10,114.43,3794.97
12/4/10,114.49,3802.79
13/4/10,114.52,3806.70
14/4/10,114.71,3831.48
15/4/10,114.86,3851.04
16/4/10,114.95,3862.77
17/4/10,115.02,3871.90
18/4/10,115.08,3879.72
19/4/10,115.10,3882.33
20/4/10,115.13,3886.24
21/4/10,115.14,3887.54
22/4/10,115.15,3888.85
23/4/10,115.15,3888.85
24/4/10,115.16,3890.15
25/4/10,115.15,3888.85
26/4/10,115.15,3888.85
27/4/10,115.16,3890.15
28/4/10,115.16,3890.15
29/4/10,115.16,3890.15
30/4/10,115.16,3890.15
1/5/10,115.16,3890.15
2/5/10,115.15,3888.85
3/5/10,115.14,3887.54
4/5/10,115.13,3886.24
5/5/10,115.12,3884.94
6/5/10,115.11,3883.63
7/5/10,115.10,3882.33
8/5/10,115.09,3881.03
9/5/10,115.07,3878.42
10/5/10,115.05,3875.81
11/5/10,115.04,3874.51
12/5/10,115.01,3870.59
13/5/10,114.98,3866.68
14/5/10,114.98,3866.68
15/5/10,114.97,3865.38
16/5/10,114.98,3866.68
17/5/10,114.96,3864.07
18/5/10,114.93,3860.16
19/5/10,114.91,3857.55
20/5/10,114.88,3853.64
21/5/10,114.85,3849.73
22/5/10,114.83,3847.12
23/5/10,114.81,3844.52
24/5/10,114.78,3840.60
25/5/10,114.75,3836.69
26/5/10,114.72,3832.78
27/5/10,114.70,3830.17
28/5/10,114.67,3826.26
29/5/10,114.64,3822.35
30/5/10,114.61,3818.44
31/5/10,114.58,3814.53
1/6/10,114.55,3810.61
2/6/10,114.53,3808.01
3/6/10,114.50,3804.10
4/6/10,114.48,3801.49
5/6/10,114.45,3797.58
6/6/10,114.43,3794.97
7/6/10,114.40,3791.06
8/6/10,114.38,3788.45
9/6/10,114.34,3783.23
10/6/10,114.32,3780.62
11/6/10,114.30,3778.02
12/6/10,114.27,3774.11
13/6/10,114.23,3768.89
14/6/10,114.19,3763.67
15/6/10,114.16,3759.76
16/6/10,114.14,3757.15
17/6/10,114.11,3753.24
18/6/10,114.08,3749.33
19/6/10,114.05,3745.42
20/6/10,114.02,3741.51
21/6/10,113.99,3737.60
22/6/10,113.97,3734.99
23/6/10,113.94,3731.08
24/6/10,113.91,3727.16
25/6/10,113.89,3724.56
26/6/10,113.86,3720.65
27/6/10,113.83,3716.73
28/6/10,113.80,3712.82
29/6/10,113.78,3710.21
30/6/10,113.76,3707.61
1/7/10,113.74,3705.00
2/7/10,113.73,3703.69
3/7/10,113.73,3703.69
4/7/10,113.72,3702.39
5/7/10,113.70,3699.78
6/7/10,113.70,3699.78
7/7/10,113.68,3697.18
8/7/10,113.66,3694.57
9/7/10,113.63,3690.66
10/7/10,113.60,3686.74
11/7/10,113.57,3682.83
12/7/10,113.53,3677.62
13/7/10,113.51,3675.01
14/7/10,113.50,3673.71
15/7/10,113.47,3669.79
16/7/10,113.46,3668.49
17/7/10,113.44,3665.88
18/7/10,113.43,3664.58
19/7/10,113.42,3663.27
20/7/10,113.40,3660.67
21/7/10,113.38,3658.06
22/7/10,113.36,3655.45
23/7/10,113.33,3651.54
24/7/10,113.31,3648.93
25/7/10,113.29,3646.32
26/7/10,113.29,3646.32
27/7/10,113.29,3646.32
28/7/10,113.28,3645.02
29/7/10,113.27,3643.72
30/7/10,113.25,3641.11
31/7/10,113.25,3641.11
1/8/10,113.26,3642.41
2/8/10,113.27,3643.72
3/8/10,113.27,3643.72
4/8/10,113.28,3645.02
5/8/10,113.21,3635.89
6/8/10,113.34,3652.84
7/8/10,113.37,3656.75
8/8/10,113.39,3659.36
9/8/10,113.41,3661.97
10/8/10,113.43,3664.58
11/8/10,113.46,3668.49
12/8/10,113.48,3671.10
13/8/10,113.50,3673.71
14/8/10,113.51,3675.01
15/8/10,113.52,3676.31
16/8/10,113.54,3678.92
17/8/10,113.54,3678.92
18/8/10,113.54,3678.92
19/8/10,113.54,3678.92
20/8/10,113.54,3678.92
21/8/10,113.54,3678.92
22/8/10,113.54,3678.92
23/8/10,113.54,3678.92
24/8/10,113.55,3680.22
25/8/10,113.54,3678.92
26/8/10,113.54,3678.92
27/8/10,113.52,3676.31
28/8/10,113.52,3676.31
29/8/10,113.50,3673.71
30/8/10,113.49,3672.40
31/8/10,113.48,3671.10
1/9/10,113.47,3669.79
2/9/10,113.46,3668.49
3/9/10,113.46,3668.49
4/9/10,113.44,3665.88
5/9/10,113.43,3664.58
6/9/10,113.42,3663.27
7/9/10,113.40,3660.67
8/9/10,113.40,3660.67
9/9/10,113.38,3658.06
10/9/10,113.37,3656.75
11/9/10,113.36,3655.45
12/9/10,113.35,3654.15
13/9/10,113.33,3651.54
14/9/10,113.31,3648.93
15/9/10,113.30,3647.63
16/9/10,113.29,3646.32
17/9/10,113.28,3645.02
18/9/10,113.26,3642.41
19/9/10,113.26,3642.41
20/9/10,113.24,3639.80
21/9/10,113.24,3639.80
22/9/10,113.23,3638.50
23/9/10,113.23,3638.50
24/9/10,113.21,3635.89
25/9/10,113.20,3634.59
26/9/10,113.19,3633.28
27/9/10,113.18,3631.98
28/9/10,113.17,3630.68
29/9/10,113.16,3629.37
30/9/10,113.14,3626.76
1/10/10,113.13,3625.46
2/10/10,113.12,3624.16
3/10/10,113.10,3621.55
4/10/10,113.08,3618.94
5/10/10,113.07,3617.64
6/10/10,113.06,3616.33
7/10/10,113.03,3612.42
8/10/10,113.01,3609.81
9/10/10,113.00,3608.51
10/10/10,112.98,3605.90
11/10/10,112.97,3604.60
12/10/10,112.95,3601.99
13/10/10,112.94,3600.69
14/10/10,112.91,3596.77
15/10/10,112.90,3595.47
16/10/10,112.88,3592.86
17/10/10,112.87,3591.56
18/10/10,112.85,3588.95
19/10/10,112.83,3586.34
20/10/10,112.86,3590.26
21/10/10,112.86,3590.26
22/10/10,112.84,3587.65
23/10/10,112.82,3585.04
24/10/10,112.81,3583.74
25/10/10,112.80,3582.43
26/10/10,112.79,3581.13
27/10/10,112.79,3581.13
28/10/10,112.77,3578.52
29/10/10,112.84,3587.65
30/10/10,112.84,3587.65
31/10/10,112.84,3587.65
1/11/10,112.84,3587.65
2/11/10,112.83,3586.34
3/11/10,112.81,3583.74
4/11/10,112.80,3582.43
5/11/10,112.78,3579.82
6/11/10,112.77,3578.52
7/11/10,112.75,3575.91
8/11/10,112.74,3574.61
9/11/10,112.72,3572.00
10/11/10,112.67,3565.48
11/11/10,112.66,3564.18
12/11/10,112.65,3562.87
13/11/10,112.63,3560.27
14/11/10,112.62,3558.96
15/11/10,112.62,3558.96
16/11/10,112.60,3556.35
17/11/10,112.59,3555.05
18/11/10,112.58,3553.75
19/11/10,112.56,3551.14
20/11/10,112.56,3551.14
21/11/10,112.53,3547.23
22/11/10,112.53,3547.23
23/11/10,112.54,3548.53
24/11/10,112.56,3551.14
25/11/10,112.59,3555.05
26/11/10,112.61,3557.66
27/11/10,112.62,3558.96
28/11/10,112.63,3560.27
29/11/10,112.62,3558.96
30/11/10,112.63,3560.27
1/12/10,112.62,3558.96
2/12/10,112.61,3557.66
3/12/10,112.55,3549.83
4/12/10,112.55,3549.83
5/12/10,112.54,3548.53
6/12/10,112.53,3547.23
7/12/10,112.53,3547.23
8/12/10,112.55,3549.83
9/12/10,112.57,3552.44
10/12/10,112.60,3556.35
11/12/10,112.75,3575.91
12/12/10,112.84,3587.65
13/12/10,112.87,3591.56
14/12/10,112.84,3587.65
15/12/10,112.92,3598.08
16/12/10,113.01,3609.81
17/12/10,113.11,3622.85
18/12/10,113.26,3642.41
19/12/10,113.43,3664.58
20/12/10,113.59,3685.44
21/12/10,113.67,3695.87
22/12/10,113.69,3698.48
23/12/10,113.64,3691.96
24/12/10,113.58,3684.14
25/12/10,113.51,3675.01
26/12/10,113.44,3665.88
27/12/10,113.36,3655.45
28/12/10,113.33,3651.54
29/12/10,113.28,3645.02
30/12/10,113.25,3641.11
31/12/10,113.21,3635.89
1/1/11,113.17,3630.68
2/1/11,113.14,3626.76
3/1/11,113.12,3624.16
4/1/11,113.10,3621.55
5/1/11,113.10,3621.55
6/1/11,113.08,3618.94
7/1/11,113.06,3616.33
8/1/11,113.07,3617.64
9/1/11,113.05,3615.03
10/1/11,113.03,3612.42
11/1/11,113.02,3611.12
12/1/11,113.02,3611.12
13/1/11,113.05,3615.03
14/1/11,113.07,3617.64
15/1/11,113.07,3617.64
16/1/11,113.07,3617.64
17/1/11,113.08,3618.94
18/1/11,113.08,3618.94
19/1/11,113.07,3617.64
20/1/11,113.08,3618.94
21/1/11,113.07,3617.64
22/1/11,113.05,3615.03
23/1/11,113.05,3615.03
24/1/11,113.03,3612.42
25/1/11,113.02,3611.12
26/1/11,113.00,3608.51
27/1/11,112.97,3604.60
28/1/11,112.96,3603.29
29/1/11,112.96,3603.29
30/1/11,112.95,3601.99
31/1/11,112.95,3601.99
1/2/11,112.94,3600.69
2/2/11,112.94,3600.69
3/2/11,112.94,3600.69
4/2/11,112.94,3600.69
5/2/11,112.95,3601.99
6/2/11,112.96,3603.29
7/2/11,112.97,3604.60
8/2/11,112.97,3604.60
9/2/11,112.97,3604.60
10/2/11,112.97,3604.60
11/2/11,112.96,3603.29
12/2/11,112.95,3601.99
13/2/11,112.94,3600.69
14/2/11,112.94,3600.69
15/2/11,112.93,3599.38
16/2/11,112.92,3598.08
17/2/11,112.91,3596.77
18/2/11,112.92,3598.08
19/2/11,112.90,3595.47
20/2/11,112.89,3594.17
21/2/11,112.87,3591.56
22/2/11,112.87,3591.56
23/2/11,112.87,3591.56
24/2/11,112.85,3588.95
25/2/11,112.84,3587.65
26/2/11,112.84,3587.65
27/2/11,112.83,3586.34
28/2/11,112.81,3583.74
1/3/11,112.80,3582.43
2/3/11,112.78,3579.82
3/3/11,112.78,3579.82
4/3/11,112.77,3578.52
5/3/11,112.75,3575.91
6/3/11,112.75,3575.91
7/3/11,112.77,3578.52
8/3/11,112.78,3579.82
9/3/11,112.78,3579.82
10/3/11,112.80,3582.43
11/3/11,112.82,3585.04
12/3/11,112.83,3586.34
13/3/11,112.85,3588.95
14/3/11,112.87,3591.56
15/3/11,112.90,3595.47
16/3/11,112.95,3601.99
17/3/11,113.03,3612.42
18/3/11,113.16,3629.37
19/3/11,113.25,3641.11
20/3/11,113.32,3650.23
21/3/11,113.36,3655.45
22/3/11,113.40,3660.67
23/3/11,113.48,3671.10
24/3/11,113.55,3680.22
25/3/11,113.62,3689.35
26/3/11,113.68,3697.18
27/3/11,113.73,3703.69
28/3/11,113.76,3707.61
29/3/11,113.77,3708.91
30/3/11,113.78,3710.21
31/3/11,113.82,3715.43
1/4/11,113.87,3721.95
2/4/11,113.95,3732.38
3/4/11,114.02,3741.51
4/4/11,114.09,3750.64
5/4/11,114.12,3754.55
6/4/11,114.13,3755.85
7/4/11,114.14,3757.15
8/4/11,114.14,3757.15
9/4/11,114.13,3755.85
10/4/11,114.12,3754.55
11/4/11,114.11,3753.24
12/4/11,114.09,3750.64
13/4/11,114.07,3748.03
14/4/11,114.06,3746.72
15/4/11,114.04,3744.12
16/4/11,114.04,3744.12
17/4/11,114.03,3742.81
18/4/11,114.02,3741.51
19/4/11,114.04,3744.12
20/4/11,114.02,3741.51
21/4/11,114.02,3741.51
22/4/11,114.05,3745.42
23/4/11,114.07,3748.03
24/4/11,114.11,3753.24
25/4/11,114.16,3759.76
26/4/11,114.20,3764.98
27/4/11,114.24,3770.19
28/4/11,114.29,3776.71
29/4/11,114.34,3783.23
30/4/11,114.39,3789.75
1/5/11,114.43,3794.97
2/5/11,114.46,3798.88
3/5/11,114.49,3802.79
4/5/11,114.50,3804.10
5/5/11,114.52,3806.70
6/5/11,114.54,3809.31
7/5/11,114.57,3813.22
8/5/11,114.57,3813.22
9/5/11,114.58,3814.53
10/5/11,114.58,3814.53
11/5/11,114.58,3814.53
12/5/11,114.58,3814.53
13/5/11,114.61,3818.44
14/5/11,114.61,3818.44
15/5/11,114.63,3821.05
16/5/11,114.63,3821.05
17/5/11,114.63,3821.05
18/5/11,114.63,3821.05
19/5/11,114.63,3821.05
20/5/11,114.64,3822.35
21/5/11,114.64,3822.35
22/5/11,114.64,3822.35
23/5/11,114.63,3821.05
24/5/11,114.64,3822.35
25/5/11,114.64,3822.35
26/5/11,114.62,3819.74
27/5/11,114.61,3818.44
28/5/11,114.60,3817.13
29/5/11,114.58,3814.53
30/5/11,114.57,3813.22
31/5/11,114.55,3810.61
1/6/11,114.53,3808.01
2/6/11,114.53,3808.01
3/6/11,114.51,3805.40
4/6/11,114.49,3802.79
5/6/11,114.47,3800.18
6/6/11,114.45,3797.58
7/6/11,114.42,3793.66
8/6/11,114.40,3791.06
9/6/11,114.38,3788.45
10/6/11,114.36,3785.84
11/6/11,114.33,3781.93
12/6/11,114.32,3780.62
13/6/11,114.30,3778.02
14/6/11,114.29,3776.71
15/6/11,114.26,3772.80
16/6/11,114.23,3768.89
17/6/11,114.20,3764.98
18/6/11,114.17,3761.07
19/6/11,114.15,3758.46
20/6/11,114.12,3754.55
21/6/11,114.09,3750.64
22/6/11,114.06,3746.72
23/6/11,114.02,3741.51
24/6/11,113.99,3737.60
25/6/11,113.96,3733.68
26/6/11,113.91,3727.16
27/6/11,113.88,3723.25
28/6/11,113.85,3719.34
29/6/11,113.82,3715.43
30/6/11,113.80,3712.82
1/7/11,113.76,3707.61
2/7/11,113.74,3705.00
3/7/11,113.71,3701.09
4/7/11,113.69,3698.48
5/7/11,113.66,3694.57
6/7/11,113.63,3690.66
7/7/11,113.60,3686.74
8/7/11,113.58,3684.14
9/7/11,113.55,3680.22
10/7/11,113.53,3677.62
11/7/11,113.50,3673.71
12/7/11,113.48,3671.10
13/7/11,113.45,3667.19
14/7/11,113.42,3663.27
15/7/11,113.40,3660.67
16/7/11,113.36,3655.45
17/7/11,113.34,3652.84
18/7/11,113.31,3648.93
19/7/11,113.28,3645.02
20/7/11,113.25,3641.11
21/7/11,113.22,3637.20
22/7/11,113.18,3631.98
23/7/11,113.15,3628.07
24/7/11,113.12,3624.16
25/7/11,113.08,3618.94
26/7/11,113.05,3615.03
27/7/11,113.02,3611.12
28/7/11,112.99,3607.21
29/7/11,112.96,3603.29
30/7/11,112.95,3601.99
31/7/11,112.95,3601.99
1/8/11,112.96,3603.29
2/8/11,112.95,3601.99
3/8/11,112.97,3604.60
4/8/11,112.98,3605.90
5/8/11,112.98,3605.90
6/8/11,113.01,3609.81
7/8/11,113.01,3609.81
8/8/11,113.01,3609.81
9/8/11,113.01,3609.81
10/8/11,113.01,3609.81
11/8/11,113.00,3608.51
12/8/11,113.00,3608.51
13/8/11,113.00,3608.51
14/8/11,113.03,3612.42
15/8/11,113.04,3613.73
16/8/11,113.06,3616.33
17/8/11,113.05,3615.03
18/8/11,113.02,3611.12
19/8/11,112.98,3605.90
20/8/11,112.94,3600.69
21/8/11,112.90,3595.47
22/8/11,112.89,3594.17
23/8/11,112.87,3591.56
24/8/11,112.87,3591.56
25/8/11,112.86,3590.26
26/8/11,112.87,3591.56
27/8/11,112.85,3588.95
28/8/11,112.84,3587.65
29/8/11,112.83,3586.34
30/8/11,112.80,3582.43
31/8/11,112.79,3581.13
1/9/11,112.78,3579.82
2/9/11,112.77,3578.52
3/9/11,112.76,3577.22
4/9/11,112.73,3573.30
5/9/11,112.73,3573.30
6/9/11,112.71,3570.70
7/9/11,112.71,3570.70
8/9/11,112.70,3569.39
9/9/11,112.69,3568.09
10/9/11,112.67,3565.48
11/9/11,112.65,3562.87
12/9/11,112.64,3561.57
13/9/11,112.62,3558.96
14/9/11,112.60,3556.35
15/9/11,112.59,3555.05
16/9/11,112.58,3553.75
17/9/11,112.58,3553.75
18/9/11,112.55,3549.83
19/9/11,112.53,3547.23
20/9/11,112.52,3545.92
21/9/11,112.50,3543.32
22/9/11,112.49,3542.01
23/9/11,112.48,3540.71
24/9/11,112.46,3538.10
25/9/11,112.44,3535.49
26/9/11,112.43,3534.19
27/9/11,112.43,3534.19
28/9/11,112.42,3532.88
29/9/11,112.41,3531.58
30/9/11,112.40,3530.28
1/10/11,112.37,3526.36
2/10/11,112.36,3525.06
3/10/11,112.34,3522.45
4/10/11,112.33,3521.15
5/10/11,112.32,3519.84
6/10/11,112.30,3517.24
7/10/11,112.29,3515.93
8/10/11,112.26,3512.02
9/10/11,112.25,3510.72
10/10/11,112.24,3509.41
11/10/11,112.22,3506.81
12/10/11,112.21,3505.50
13/10/11,112.19,3502.89
14/10/11,112.17,3500.29
15/10/11,112.16,3498.98
16/10/11,112.13,3495.07
17/10/11,112.09,3489.86
18/10/11,112.09,3489.86
19/10/11,112.11,3492.46
20/10/11,112.12,3493.77
21/10/11,112.12,3493.77
22/10/11,112.13,3495.07
23/10/11,112.14,3496.37
24/10/11,112.13,3495.07
25/10/11,112.12,3493.77
26/10/11,112.13,3495.07
27/10/11,112.11,3492.46
28/10/11,112.10,3491.16
29/10/11,112.09,3489.86
30/10/11,112.08,3488.55
31/10/11,112.06,3485.94
1/11/11,112.05,3484.64
2/11/11,112.03,3482.03
3/11/11,112.02,3480.73
4/11/11,112.02,3480.73
5/11/11,112.02,3480.73
6/11/11,112.02,3480.73
7/11/11,112.01,3479.42
8/11/11,112.01,3479.42
9/11/11,112.02,3480.73
10/11/11,112.03,3482.03
11/11/11,112.00,3478.12
12/11/11,112.01,3479.42
13/11/11,112.00,3478.12
14/11/11,112.01,3479.42
15/11/11,112.10,3491.16
16/11/11,112.19,3502.89
17/11/11,112.29,3515.93
18/11/11,112.37,3526.36
19/11/11,112.44,3535.49
20/11/11,112.49,3542.01
21/11/11,112.53,3547.23
22/11/11,112.55,3549.83
23/11/11,112.57,3552.44
24/11/11,112.59,3555.05
25/11/11,112.62,3558.96
26/11/11,112.65,3562.87
27/11/11,112.69,3568.09
28/11/11,112.72,3572.00
29/11/11,112.79,3581.13
30/11/11,112.89,3594.17
1/12/11,112.99,3607.21
2/12/11,113.07,3617.64
3/12/11,113.10,3621.55
4/12/11,113.11,3622.85
5/12/11,113.12,3624.16
6/12/11,113.12,3624.16
7/12/11,113.11,3622.85
8/12/11,113.09,3620.25
9/12/11,113.08,3618.94
10/12/11,113.05,3615.03
11/12/11,113.03,3612.42
12/12/11,113.05,3615.03
13/12/11,113.06,3616.33
14/12/11,113.07,3617.64
15/12/11,113.07,3617.64
16/12/11,113.06,3616.33
17/12/11,113.04,3613.73
18/12/11,113.04,3613.73
19/12/11,113.11,3622.85
20/12/11,113.21,3635.89
21/12/11,113.27,3643.72
22/12/11,113.30,3647.63
23/12/11,113.33,3651.54
24/12/11,113.34,3652.84
25/12/11,113.34,3652.84
26/12/11,113.33,3651.54
27/12/11,113.31,3648.93
28/12/11,113.28,3645.02
29/12/11,113.26,3642.41
30/12/11,113.24,3639.80
31/12/11,113.21,3635.89
1/1/12,113.20,3634.59
2/1/12,113.17,3630.68
3/1/12,113.15,3628.07
4/1/12,113.11,3622.85
5/1/12,113.08,3618.94
6/1/12,113.05,3615.03
7/1/12,113.04,3613.73
8/1/12,113.03,3612.42
9/1/12,113.03,3612.42
10/1/12,113.03,3612.42
11/1/12,113.02,3611.12
12/1/12,113.00,3608.51
13/1/12,112.99,3607.21
14/1/12,113.00,3608.51
15/1/12,113.00,3608.51
16/1/12,112.99,3607.21
17/1/12,112.98,3605.90
18/1/12,112.96,3603.29
19/1/12,112.95,3601.99
20/1/12,112.94,3600.69
21/1/12,112.93,3599.38
22/1/12,112.91,3596.77
23/1/12,112.89,3594.17
24/1/12,112.88,3592.86
25/1/12,112.86,3590.26
26/1/12,112.85,3588.95
27/1/12,112.83,3586.34
28/1/12,112.81,3583.74
29/1/12,112.80,3582.43
30/1/12,112.79,3581.13
31/1/12,112.77,3578.52
1/2/12,112.75,3575.91
2/2/12,112.74,3574.61
3/2/12,112.72,3572.00
4/2/12,112.70,3569.39
5/2/12,112.68,3566.79
6/2/12,112.66,3564.18
7/2/12,112.65,3562.87
8/2/12,112.63,3560.27
9/2/12,112.61,3557.66
10/2/12,112.59,3555.05
11/2/12,112.58,3553.75
12/2/12,112.56,3551.14
13/2/12,112.56,3551.14
14/2/12,112.53,3547.23
15/2/12,112.52,3545.92
16/2/12,112.50,3543.32
17/2/12,112.49,3542.01
18/2/12,112.51,3544.62
19/2/12,112.55,3549.83
20/2/12,112.58,3553.75
21/2/12,112.59,3555.05
22/2/12,112.60,3556.35
23/2/12,112.62,3558.96
24/2/12,112.64,3561.57
25/2/12,112.65,3562.87
26/2/12,112.66,3564.18
27/2/12,112.67,3565.48
28/2/12,112.67,3565.48
29/2/12,112.66,3564.18
1/3/12,112.66,3564.18
2/3/12,112.66,3564.18
3/3/12,112.65,3562.87
4/3/12,112.64,3561.57
5/3/12,112.64,3561.57
6/3/12,112.62,3558.96
7/3/12,112.61,3557.66
8/3/12,112.60,3556.35
9/3/12,112.58,3553.75
10/3/12,112.57,3552.44
11/3/12,112.56,3551.14
12/3/12,112.54,3548.53
13/3/12,112.54,3548.53
14/3/12,112.50,3543.32
15/3/12,112.49,3542.01
16/3/12,112.47,3539.40
17/3/12,112.45,3536.80
18/3/12,112.44,3535.49
19/3/12,112.42,3532.88
20/3/12,112.40,3530.28
21/3/12,112.39,3528.97
22/3/12,112.37,3526.36
23/3/12,112.35,3523.76
24/3/12,112.33,3521.15
25/3/12,112.32,3519.84
26/3/12,112.30,3517.24
27/3/12,112.28,3514.63
28/3/12,112.26,3512.02
29/3/12,112.25,3510.72
30/3/12,112.24,3509.41
31/3/12,112.22,3506.81
1/4/12,112.20,3504.20
2/4/12,112.19,3502.89
3/4/12,112.17,3500.29
4/4/12,112.15,3497.68
5/4/12,112.15,3497.68
6/4/12,112.12,3493.77
7/4/12,112.10,3491.16
8/4/12,112.08,3488.55
9/4/12,112.07,3487.25
10/4/12,112.06,3485.94
11/4/12,112.03,3482.03
12/4/12,112.02,3480.73
13/4/12,112.01,3479.42
14/4/12,111.99,3476.82
15/4/12,111.97,3474.21
16/4/12,111.95,3471.60
17/4/12,111.93,3468.99
18/4/12,111.93,3468.99
19/4/12,111.91,3466.38
20/4/12,111.92,3467.69
21/4/12,111.90,3465.08
22/4/12,111.89,3463.78
23/4/12,111.87,3461.17
24/4/12,111.86,3459.87
25/4/12,111.84,3457.26
26/4/12,111.83,3455.95
27/4/12,111.81,3453.35
28/4/12,111.80,3452.04
29/4/12,111.78,3449.43
30/4/12,111.77,3448.13
1/5/12,111.75,3445.52
2/5/12,111.74,3444.22
3/5/12,111.72,3441.61
4/5/12,111.71,3440.31
5/5/12,111.69,3437.70
6/5/12,111.68,3436.40
7/5/12,111.66,3433.79
8/5/12,111.65,3432.48
9/5/12,111.64,3431.18
10/5/12,111.62,3428.57
11/5/12,111.62,3428.57
12/5/12,111.60,3425.96
13/5/12,111.59,3424.66
14/5/12,111.57,3422.05
15/5/12,111.56,3420.75
16/5/12,111.54,3418.14
17/5/12,111.52,3415.53
18/5/12,111.51,3414.23
19/5/12,111.49,3411.62
20/5/12,111.49,3411.62
21/5/12,111.49,3411.62
22/5/12,111.48,3410.32
23/5/12,111.47,3409.01
24/5/12,111.45,3406.41
25/5/12,111.45,3406.41
26/5/12,111.45,3406.41
27/5/12,111.43,3403.80
28/5/12,111.42,3402.49
29/5/12,111.41,3401.19
30/5/12,111.40,3399.89
31/5/12,111.38,3397.28
1/6/12,111.37,3395.97
2/6/12,111.36,3394.67
3/6/12,111.35,3393.37
4/6/12,111.34,3392.06
5/6/12,111.32,3389.45
6/6/12,111.30,3386.85
7/6/12,111.29,3385.54
8/6/12,111.28,3384.24
9/6/12,111.27,3382.94
10/6/12,111.27,3382.94
11/6/12,111.25,3380.33
12/6/12,111.25,3380.33
13/6/12,111.24,3379.02
14/6/12,111.23,3377.72
15/6/12,111.22,3376.42
16/6/12,111.20,3373.81
17/6/12,111.20,3373.81
18/6/12,111.18,3371.20
19/6/12,111.17,3369.90
20/6/12,111.16,3368.59
21/6/12,111.14,3365.98
22/6/12,111.13,3364.68
23/6/12,111.13,3364.68
24/6/12,111.12,3363.38
25/6/12,111.11,3362.07
26/6/12,111.09,3359.47
27/6/12,111.09,3359.47
28/6/12,111.09,3359.47
29/6/12,111.08,3358.16
30/6/12,111.07,3356.86
1/7/12,111.06,3355.55
2/7/12,111.04,3352.95
3/7/12,111.04,3352.95
4/7/12,111.03,3351.64
5/7/12,111.02,3350.34
6/7/12,111.01,3349.03
7/7/12,111.00,3347.73
8/7/12,110.99,3346.43
9/7/12,110.98,3345.12
10/7/12,110.98,3345.12
11/7/12,110.96,3342.51
12/7/12,110.95,3341.21
13/7/12,110.94,3339.91
14/7/12,110.93,3338.60
15/7/12,110.92,3337.30
16/7/12,110.91,3335.99
17/7/12,110.90,3334.69
18/7/12,110.89,3333.39
19/7/12,110.87,3330.78
20/7/12,110.86,3329.48
21/7/12,110.85,3328.17
22/7/12,110.84,3326.87
23/7/12,110.82,3324.26
24/7/12,110.81,3322.96
25/7/12,110.80,3321.65
26/7/12,110.77,3317.74
27/7/12,110.75,3315.13
28/7/12,110.74,3313.83
29/7/12,110.72,3311.22
30/7/12,110.72,3311.22
31/7/12,110.71,3309.92
1/8/12,110.70,3308.61
2/8/12,110.69,3307.31
3/8/12,110.67,3304.70
4/8/12,110.66,3303.40
5/8/12,110.65,3302.09
6/8/12,110.63,3299.49
7/8/12,110.62,3298.18
8/8/12,110.61,3296.88
9/8/12,110.61,3296.88
10/8/12,110.61,3296.88
11/8/12,110.59,3294.27
12/8/12,110.59,3294.27
13/8/12,110.58,3292.97
14/8/12,110.59,3294.27
15/8/12,110.58,3292.97
16/8/12,110.57,3291.66
17/8/12,110.57,3291.66
18/8/12,110.56,3290.36
19/8/12,110.55,3289.05
20/8/12,110.55,3289.05
21/8/12,110.54,3287.75
22/8/12,110.54,3287.75
23/8/12,110.54,3287.75
24/8/12,110.52,3285.14
25/8/12,110.51,3283.84
26/8/12,110.50,3282.54
27/8/12,110.49,3281.23
28/8/12,110.48,3279.93
29/8/12,110.47,3278.62
30/8/12,110.45,3276.02
31/8/12,110.45,3276.02
1/9/12,110.45,3276.02
2/9/12,110.45,3276.02
3/9/12,110.44,3274.71
4/9/12,110.46,3277.32
5/9/12,110.47,3278.62
6/9/12,110.46,3277.32
7/9/12,110.46,3277.32
8/9/12,110.45,3276.02
9/9/12,110.45,3276.02
10/9/12,110.45,3276.02
11/9/12,110.45,3276.02
12/9/12,110.45,3276.02
13/9/12,110.43,3273.41
14/9/12,110.42,3272.10
15/9/12,110.41,3270.80
16/9/12,110.39,3268.19
17/9/12,110.39,3268.19
18/9/12,110.38,3266.89
19/9/12,110.36,3264.28
20/9/12,110.35,3262.98
21/9/12,110.33,3260.37
22/9/12,110.32,3259.06
23/9/12,110.32,3259.06
24/9/12,110.31,3257.76
25/9/12,110.30,3256.46
26/9/12,110.28,3253.85
27/9/12,110.27,3252.55
28/9/12,110.26,3251.24
29/9/12,110.25,3249.94
30/9/12,110.23,3247.33
1/10/12,110.22,3246.03
2/10/12,110.21,3244.72
3/10/12,110.20,3243.42
4/10/12,110.18,3240.81
5/10/12,110.18,3240.81
6/10/12,110.16,3238.20
7/10/12,110.14,3235.59
8/10/12,110.14,3235.59
9/10/12,110.13,3234.29
10/10/12,110.12,3232.99
11/10/12,110.10,3230.38
12/10/12,110.09,3229.08
13/10/12,110.08,3227.77
14/10/12,110.07,3226.47
15/10/12,110.05,3223.86
16/10/12,110.04,3222.56
17/10/12,110.03,3221.25
18/10/12,110.01,3218.64
19/10/12,110.00,3217.34
20/10/12,109.98,3214.73
21/10/12,109.97,3213.43
22/10/12,109.96,3212.12
23/10/12,109.95,3210.82
24/10/12,109.93,3208.21
25/10/12,109.92,3206.91
26/10/12,109.91,3205.60
27/10/12,109.89,3203.00
28/10/12,109.88,3201.69
29/10/12,109.86,3199.09
30/10/12,109.85,3197.78
31/10/12,109.84,3196.48
1/11/12,109.82,3193.87
2/11/12,109.81,3192.57
3/11/12,109.86,3199.09
4/11/12,110.08,3227.77
5/11/12,110.16,3238.20
6/11/12,110.29,3255.15
7/11/12,110.44,3274.71
8/11/12,110.49,3281.23
9/11/12,110.56,3290.36
10/11/12,110.57,3291.66
11/11/12,110.58,3292.97
12/11/12,110.58,3292.97
13/11/12,110.57,3291.66
14/11/12,110.57,3291.66
15/11/12,110.56,3290.36
16/11/12,110.55,3289.05
17/11/12,110.55,3289.05
18/11/12,110.58,3292.97
19/11/12,110.61,3296.88
20/11/12,110.62,3298.18
21/11/12,110.63,3299.49
22/11/12,110.65,3302.09
23/11/12,110.65,3302.09
24/11/12,110.66,3303.40
25/11/12,110.66,3303.40
26/11/12,110.66,3303.40
27/11/12,110.66,3303.40
28/11/12,110.66,3303.40
29/11/12,110.66,3303.40
1/12/12,110.65,3302.09
2/12/12,110.64,3300.79
3/12/12,110.63,3299.49
4/12/12,110.62,3298.18
5/12/12,110.61,3296.88
6/12/12,110.61,3296.88
7/12/12,110.59,3294.27
8/12/12,110.59,3294.27
9/12/12,110.58,3292.97
10/12/12,110.57,3291.66
11/12/12,110.56,3290.36
12/12/12,110.54,3287.75
13/12/12,110.52,3285.14
14/12/12,110.51,3283.84
15/12/12,110.50,3282.54
16/12/12,110.49,3281.23
17/12/12,110.48,3279.93
18/12/12,110.47,3278.62
19/12/12,110.46,3277.32
20/12/12,110.44,3274.71
21/12/12,110.43,3273.41
22/12/12,110.41,3270.80
23/12/12,110.39,3268.19
24/12/12,110.39,3268.19
25/12/12,110.37,3265.58
26/12/12,110.37,3265.58
27/12/12,110.36,3264.28
28/12/12,110.35,3262.98
29/12/12,110.34,3261.67
30/12/12,110.33,3260.37
31/12/12,110.31,3257.76
1/1/13,110.30,3256.46
2/1/13,110.27,3252.55
3/1/13,110.26,3251.24
4/1/13,110.25,3249.94
5/1/13,110.23,3247.33
6/1/13,110.21,3244.72
7/1/13,110.21,3244.72
8/1/13,110.18,3240.81
9/1/13,110.17,3239.51
10/1/13,110.16,3238.20
11/1/13,110.14,3235.59
12/1/13,110.12,3232.99
13/1/13,110.11,3231.68
14/1/13,110.10,3230.38
15/1/13,110.09,3229.08
16/1/13,110.08,3227.77
17/1/13,110.07,3226.47
18/1/13,110.07,3226.47
19/1/13,110.09,3229.08
20/1/13,110.10,3230.38
21/1/13,110.17,3239.51
22/1/13,110.46,3277.32
23/1/13,110.63,3299.49
24/1/13,110.71,3309.92
25/1/13,110.85,3328.17
26/1/13,110.94,3339.91
27/1/13,110.98,3345.12
28/1/13,111.00,3347.73
29/1/13,111.10,3360.77
30/1/13,111.17,3369.90
31/1/13,111.24,3379.02
1/2/13,111.28,3384.24
2/2/13,111.31,3388.15
3/2/13,111.34,3392.06
4/2/13,111.35,3393.37
5/2/13,111.37,3395.97
6/2/13,111.37,3395.97
7/2/13,111.38,3397.28
8/2/13,111.37,3395.97
9/2/13,111.37,3395.97
10/2/13,111.37,3395.97
11/2/13,111.37,3395.97
12/2/13,111.37,3395.97
13/2/13,111.36,3394.67
14/2/13,111.36,3394.67
15/2/13,111.35,3393.37
16/2/13,111.34,3392.06
17/2/13,111.32,3389.45
18/2/13,111.32,3389.45
19/2/13,111.31,3388.15
20/2/13,111.30,3386.85
21/2/13,111.29,3385.54
22/2/13,111.28,3384.24
23/2/13,111.27,3382.94
24/2/13,111.25,3380.33
25/2/13,111.25,3380.33
26/2/13,111.24,3379.02
27/2/13,111.23,3377.72
28/2/13,111.21,3375.11
1/3/13,111.20,3373.81
2/3/13,111.19,3372.50
3/3/13,111.17,3369.90
4/3/13,111.16,3368.59
5/3/13,111.14,3365.98
6/3/13,111.13,3364.68
7/3/13,111.12,3363.38
8/3/13,111.11,3362.07
9/3/13,111.09,3359.47
10/3/13,111.08,3358.16
11/3/13,111.06,3355.55
12/3/13,111.05,3354.25
13/3/13,111.04,3352.95
14/3/13,111.02,3350.34
15/3/13,111.00,3347.73
16/3/13,110.99,3346.43
17/3/13,110.98,3345.12
18/3/13,110.97,3343.82
19/3/13,110.96,3342.51
20/3/13,110.95,3341.21
21/3/13,110.93,3338.60
22/3/13,110.92,3337.30
23/3/13,110.91,3335.99
24/3/13,110.89,3333.39
25/3/13,110.88,3332.08
26/3/13,110.88,3332.08
27/3/13,110.86,3329.48
28/3/13,110.83,3325.56
29/3/13,110.82,3324.26
30/3/13,110.81,3322.96
31/3/13,110.79,3320.35
1/4/13,110.78,3319.04
2/4/13,110.77,3317.74
3/4/13,110.75,3315.13
4/4/13,110.74,3313.83
5/4/13,110.73,3312.52
6/4/13,110.72,3311.22
7/4/13,110.70,3308.61
8/4/13,110.69,3307.31
9/4/13,110.68,3306.01
10/4/13,110.66,3303.40
11/4/13,110.65,3302.09
12/4/13,110.64,3300.79
13/4/13,110.62,3298.18
14/4/13,110.61,3296.88
15/4/13,110.60,3295.57
16/4/13,110.59,3294.27
17/4/13,110.58,3292.97
18/4/13,110.56,3290.36
19/4/13,110.57,3291.66
20/4/13,110.56,3290.36
21/4/13,110.57,3291.66
22/4/13,110.56,3290.36
23/4/13,110.56,3290.36
24/4/13,110.56,3290.36
25/4/13,110.59,3294.27
26/4/13,110.60,3295.57
27/4/13,110.61,3296.88
28/4/13,110.61,3296.88
29/4/13,110.61,3296.88
30/4/13,110.62,3298.18
1/5/13,110.61,3296.88
2/5/13,110.61,3296.88
3/5/13,110.61,3296.88
4/5/13,110.60,3295.57
5/5/13,110.60,3295.57
6/5/13,110.59,3294.27
7/5/13,110.58,3292.97
8/5/13,110.57,3291.66
9/5/13,110.57,3291.66
10/5/13,110.56,3290.36
11/5/13,110.55,3289.05
12/5/13,110.55,3289.05
13/5/13,110.55,3289.05
14/5/13,110.55,3289.05
15/5/13,110.54,3287.75
16/5/13,110.54,3287.75
17/5/13,110.53,3286.45
18/5/13,110.52,3285.14
19/5/13,110.52,3285.14
20/5/13,110.53,3286.45
21/5/13,110.52,3285.14
22/5/13,110.50,3282.54
23/5/13,110.50,3282.54
24/5/13,110.49,3281.23
25/5/13,110.48,3279.93
26/5/13,110.47,3278.62
27/5/13,110.46,3277.32
28/5/13,110.46,3277.32
29/5/13,110.45,3276.02
30/5/13,110.43,3273.41
31/5/13,110.42,3272.10
1/6/13,110.42,3272.10
2/6/13,110.41,3270.80
3/6/13,110.40,3269.50
4/6/13,110.39,3268.19
5/6/13,110.40,3269.50
6/6/13,110.40,3269.50
7/6/13,110.40,3269.50
8/6/13,110.39,3268.19
9/6/13,110.40,3269.50
10/6/13,110.40,3269.50
11/6/13,110.40,3269.50
12/6/13,110.39,3268.19
13/6/13,110.38,3266.89
14/6/13,110.38,3266.89
15/6/13,110.37,3265.58
16/6/13,110.37,3265.58
17/6/13,110.37,3265.58
18/6/13,110.36,3264.28
19/6/13,110.37,3265.58
20/6/13,110.36,3264.28
21/6/13,110.36,3264.28
22/6/13,110.35,3262.98
23/6/13,110.36,3264.28
24/6/13,110.37,3265.58
25/6/13,110.37,3265.58
26/6/13,110.38,3266.89
27/6/13,110.39,3268.19
28/6/13,110.41,3270.80
29/6/13,110.43,3273.41
30/6/13,110.44,3274.71
1/7/13,110.46,3277.32
2/7/13,110.48,3279.93
3/7/13,110.50,3282.54
4/7/13,110.52,3285.14
5/7/13,110.54,3287.75
6/7/13,110.56,3290.36
7/7/13,110.57,3291.66
8/7/13,110.58,3292.97
9/7/13,110.58,3292.97
10/7/13,110.58,3292.97
11/7/13,110.59,3294.27
12/7/13,110.59,3294.27
13/7/13,110.59,3294.27
14/7/13,110.59,3294.27
15/7/13,110.59,3294.27
16/7/13,110.59,3294.27
17/7/13,110.60,3295.57
18/7/13,110.60,3295.57
19/7/13,110.61,3296.88
20/7/13,110.61,3296.88
21/7/13,110.62,3298.18
22/7/13,110.62,3298.18
23/7/13,110.63,3299.49
24/7/13,110.63,3299.49
25/7/13,110.64,3300.79
26/7/13,110.64,3300.79
27/7/13,110.66,3303.40
28/7/13,110.66,3303.40
29/7/13,110.66,3303.40
30/7/13,110.66,3303.40
31/7/13,110.65,3302.09
1/8/13,110.65,3302.09
2/8/13,110.64,3300.79
3/8/13,110.64,3300.79
4/8/13,110.63,3299.49
5/8/13,110.62,3298.18
6/8/13,110.62,3298.18
7/8/13,110.62,3298.18
8/8/13,110.62,3298.18
9/8/13,110.64,3300.79
10/8/13,110.64,3300.79
11/8/13,110.64,3300.79
12/8/13,110.64,3300.79
13/8/13,110.65,3302.09
14/8/13,110.64,3300.79
15/8/13,110.64,3300.79
16/8/13,110.64,3300.79
17/8/13,110.64,3300.79
18/8/13,110.64,3300.79
19/8/13,110.63,3299.49
20/8/13,110.63,3299.49
21/8/13,110.62,3298.18
22/8/13,110.62,3298.18
23/8/13,110.62,3298.18
24/8/13,110.62,3298.18
25/8/13,110.62,3298.18
26/8/13,110.62,3298.18
27/8/13,110.62,3298.18
28/8/13,110.61,3296.88
29/8/13,110.60,3295.57
30/8/13,110.60,3295.57
31/8/13,110.61,3296.88
1/9/13,110.62,3298.18
2/9/13,110.62,3298.18
3/9/13,110.63,3299.49
4/9/13,110.63,3299.49
5/9/13,110.63,3299.49
6/9/13,110.64,3300.79
7/9/13,110.64,3300.79
8/9/13,110.64,3300.79
9/9/13,110.64,3300.79
10/9/13,110.64,3300.79
11/9/13,110.65,3302.09
12/9/13,110.65,3302.09
13/9/13,110.65,3302.09
14/9/13,110.65,3302.09
15/9/13,110.65,3302.09
16/9/13,110.65,3302.09
17/9/13,110.64,3300.79
18/9/13,110.64,3300.79
19/9/13,110.64,3300.79
20/9/13,110.64,3300.79
21/9/13,110.64,3300.79
22/9/13,110.66,3303.40
23/9/13,110.67,3304.70
24/9/13,110.68,3306.01
25/9/13,110.68,3306.01
26/9/13,110.68,3306.01
27/9/13,110.69,3307.31
28/9/13,110.71,3309.92
29/9/13,110.72,3311.22
30/9/13,110.72,3311.22
1/10/13,110.72,3311.22
2/10/13,110.72,3311.22
3/10/13,110.72,3311.22
4/10/13,110.71,3309.92
5/10/13,110.70,3308.61
6/10/13,110.70,3308.61
7/10/13,110.69,3307.31
8/10/13,110.68,3306.01
9/10/13,110.69,3307.31
10/10/13,110.72,3311.22
11/10/13,110.72,3311.22
12/10/13,110.70,3308.61
13/10/13,110.69,3307.31
14/10/13,110.69,3307.31
15/10/13,110.68,3306.01
16/10/13,110.67,3304.70
17/10/13,110.66,3303.40
18/10/13,110.64,3300.79
19/10/13,110.64,3300.79
20/10/13,110.63,3299.49
21/10/13,110.61,3296.88
22/10/13,110.61,3296.88
23/10/13,110.59,3294.27
24/10/13,110.58,3292.97
25/10/13,110.57,3291.66
26/10/13,110.55,3289.05
27/10/13,110.54,3287.75
28/10/13,110.53,3286.45
29/10/13,110.51,3283.84
30/10/13,110.50,3282.54
31/10/13,110.49,3281.23
1/11/13,110.48,3279.93
2/11/13,110.48,3279.93
3/11/13,110.48,3279.93
4/11/13,110.48,3279.93
5/11/13,110.48,3279.93
6/11/13,110.46,3277.32
7/11/13,110.45,3276.02
8/11/13,110.45,3276.02
9/11/13,110.43,3273.41
10/11/13,110.42,3272.10
11/11/13,110.40,3269.50
12/11/13,110.39,3268.19
13/11/13,110.38,3266.89
14/11/13,110.36,3264.28
15/11/13,110.36,3264.28
16/11/13,110.35,3262.98
17/11/13,110.33,3260.37
18/11/13,110.32,3259.06
19/11/13,110.32,3259.06
20/11/13,110.30,3256.46
21/11/13,110.30,3256.46
22/11/13,110.28,3253.85
23/11/13,110.27,3252.55
24/11/13,110.26,3251.24
25/11/13,110.25,3249.94
26/11/13,110.22,3246.03
27/11/13,110.20,3243.42
28/11/13,110.23,3247.33
29/11/13,110.21,3244.72
30/11/13,110.20,3243.42
1/12/13,110.19,3242.11
2/12/13,110.17,3239.51
3/12/13,110.16,3238.20
4/12/13,110.16,3238.20
5/12/13,110.14,3235.59
6/12/13,110.13,3234.29
7/12/13,110.13,3234.29
8/12/13,110.14,3235.59
9/12/13,110.16,3238.20
10/12/13,110.17,3239.51
11/12/13,110.18,3240.81
12/12/13,110.17,3239.51
13/12/13,110.18,3240.81
14/12/13,110.21,3244.72
15/12/13,110.30,3256.46
16/12/13,110.44,3274.71
17/12/13,110.52,3285.14
18/12/13,110.55,3289.05
19/12/13,110.63,3299.49
20/12/13,110.79,3320.35
21/12/13,111.01,3349.03
22/12/13,111.43,3403.80
23/12/13,111.89,3463.78
24/12/13,112.33,3521.15
25/12/13,112.59,3555.05
26/12/13,112.93,3599.38
27/12/13,113.20,3634.59
28/12/13,113.57,3682.83
29/12/13,114.00,3738.90
30/12/13,114.40,3791.06
31/12/13,114.58,3814.53
1/1/14,114.52,3806.70
2/1/14,114.45,3797.58
3/1/14,114.46,3798.88
4/1/14,114.44,3796.27
5/1/14,114.41,3792.36
6/1/14,114.35,3784.54
7/1/14,114.28,3775.41
8/1/14,114.25,3771.50
9/1/14,114.23,3768.89
10/1/14,114.21,3766.28
11/1/14,114.20,3764.98
12/1/14,114.19,3763.67
13/1/14,114.17,3761.07
14/1/14,114.15,3758.46
15/1/14,114.13,3755.85
16/1/14,114.12,3754.55
17/1/14,114.09,3750.64
18/1/14,114.09,3750.64
19/1/14,114.07,3748.03
20/1/14,114.05,3745.42
21/1/14,114.03,3742.81
22/1/14,114.01,3740.20
23/1/14,114.00,3738.90
24/1/14,113.98,3736.29
25/1/14,113.96,3733.68
26/1/14,113.94,3731.08
27/1/14,113.93,3729.77
28/1/14,113.90,3725.86
29/1/14,113.89,3724.56
30/1/14,113.87,3721.95
31/1/14,113.84,3718.04
1/2/14,113.84,3718.04
2/2/14,113.84,3718.04
3/2/14,113.83,3716.73
4/2/14,113.83,3716.73
5/2/14,113.82,3715.43
6/2/14,113.82,3715.43
7/2/14,113.82,3715.43
8/2/14,113.81,3714.13
9/2/14,113.81,3714.13
10/2/14,113.80,3712.82
11/2/14,113.79,3711.52
12/2/14,113.79,3711.52
13/2/14,113.79,3711.52
14/2/14,113.79,3711.52
15/2/14,113.82,3715.43
16/2/14,113.82,3715.43
17/2/14,113.83,3716.73
18/2/14,113.84,3718.04
19/2/14,113.84,3718.04
20/2/14,113.84,3718.04
21/2/14,113.84,3718.04
22/2/14,113.85,3719.34
23/2/14,113.86,3720.65
24/2/14,113.86,3720.65
25/2/14,113.86,3720.65
26/2/14,113.86,3720.65
27/2/14,113.86,3720.65
28/2/14,113.88,3723.25
1/3/14,113.89,3724.56
2/3/14,113.94,3731.08
3/3/14,114.00,3738.90
4/3/14,114.07,3748.03
5/3/14,114.11,3753.24
6/3/14,114.13,3755.85
7/3/14,114.14,3757.15
8/3/14,114.17,3761.07
9/3/14,114.21,3766.28
10/3/14,114.26,3772.80
11/3/14,114.29,3776.71
12/3/14,114.29,3776.71
13/3/14,114.30,3778.02
14/3/14,114.32,3780.62
15/3/14,114.35,3784.54
16/3/14,114.35,3784.54
17/3/14,114.34,3783.23
18/3/14,114.34,3783.23
19/3/14,114.34,3783.23
20/3/14,114.34,3783.23
21/3/14,114.34,3783.23
22/3/14,114.34,3783.23
23/3/14,114.34,3783.23
24/3/14,114.34,3783.23
25/3/14,114.34,3783.23
26/3/14,114.34,3783.23
27/3/14,114.34,3783.23
28/3/14,114.34,3783.23
29/3/14,114.34,3783.23
30/3/14,114.34,3783.23
31/3/14,114.34,3783.23
1/4/14,114.34,3783.23
2/4/14,114.36,3785.84
3/4/14,114.38,3788.45
4/4/14,114.42,3793.66
5/4/14,114.44,3796.27
6/4/14,114.47,3800.18
7/4/14,114.49,3802.79
8/4/14,114.51,3805.40
9/4/14,114.53,3808.01
10/4/14,114.51,3805.40
11/4/14,114.52,3806.70
12/4/14,114.62,3819.74
13/4/14,114.76,3838.00
14/4/14,114.87,3852.34
15/4/14,114.93,3860.16
16/4/14,114.98,3866.68
17/4/14,115.03,3873.20
18/4/14,115.06,3877.11
19/4/14,115.09,3881.03
20/4/14,115.11,3883.63
21/4/14,115.11,3883.63
22/4/14,115.12,3884.94
23/4/14,115.09,3881.03
24/4/14,115.06,3877.11
25/4/14,115.07,3878.42
26/4/14,115.06,3877.11
27/4/14,115.05,3875.81
28/4/14,115.04,3874.51
29/4/14,115.04,3874.51
30/4/14,115.03,3873.20
1/5/14,115.01,3870.59
2/5/14,115.01,3870.59
3/5/14,115.02,3871.90
4/5/14,115.04,3874.51
5/5/14,115.07,3878.42
6/5/14,115.05,3875.81
7/5/14,115.06,3877.11
8/5/14,115.07,3878.42
9/5/14,115.08,3879.72
10/5/14,115.08,3879.72
11/5/14,115.08,3879.72
12/5/14,115.08,3879.72
13/5/14,115.08,3879.72
14/5/14,115.08,3879.72
15/5/14,115.09,3881.03
16/5/14,115.14,3887.54
17/5/14,115.16,3890.15
18/5/14,115.18,3892.76
19/5/14,115.21,3896.67
20/5/14,115.23,3899.28
21/5/14,115.24,3900.58
22/5/14,115.27,3904.50
23/5/14,115.29,3907.10
24/5/14,115.32,3911.01
25/5/14,115.35,3914.93
26/5/14,115.36,3916.23
27/5/14,115.38,3918.84
28/5/14,115.40,3921.45
29/5/14,115.41,3922.75
30/5/14,115.42,3924.05
31/5/14,115.43,3925.36
1/6/14,115.43,3925.36
2/6/14,115.44,3926.66
3/6/14,115.44,3926.66
4/6/14,115.44,3926.66
5/6/14,115.45,3927.97
6/6/14,115.45,3927.97
7/6/14,115.45,3927.97
8/6/14,115.44,3926.66
9/6/14,115.46,3929.27
10/6/14,115.44,3926.66
11/6/14,115.44,3926.66
12/6/14,115.41,3922.75
13/6/14,115.40,3921.45
14/6/14,115.42,3924.05
15/6/14,115.42,3924.05
16/6/14,115.42,3924.05
17/6/14,115.42,3924.05
18/6/14,115.42,3924.05
19/6/14,115.40,3921.45
20/6/14,115.40,3921.45
21/6/14,115.40,3921.45
22/6/14,115.36,3916.23
23/6/14,115.35,3914.93
24/6/14,115.34,3913.62
25/6/14,115.34,3913.62
26/6/14,115.34,3913.62
27/6/14,115.34,3913.62
28/6/14,115.34,3913.62
29/6/14,115.35,3914.93
30/6/14,115.35,3914.93
1/7/14,115.35,3914.93
2/7/14,115.35,3914.93
3/7/14,115.36,3916.23
4/7/14,115.36,3916.23
5/7/14,115.36,3916.23
6/7/14,115.36,3916.23
7/7/14,115.32,3911.01
8/7/14,115.30,3908.41
9/7/14,115.30,3908.41
10/7/14,115.30,3908.41
11/7/14,115.30,3908.41
12/7/14,115.28,3905.80
13/7/14,115.28,3905.80
14/7/14,115.29,3907.10
15/7/14,115.29,3907.10
16/7/14,115.28,3905.80
17/7/14,115.28,3905.80
18/7/14,115.27,3904.50
19/7/14,115.27,3904.50
20/7/14,115.27,3904.50
21/7/14,115.27,3904.50
22/7/14,115.30,3908.41
23/7/14,115.30,3908.41
24/7/14,115.31,3909.71
25/7/14,115.31,3909.71
26/7/14,115.30,3908.41
27/7/14,115.30,3908.41
28/7/14,115.32,3911.01
29/7/14,115.32,3911.01
30/7/14,115.32,3911.01
31/7/14,115.33,3912.32
1/8/14,115.34,3913.62
2/8/14,115.34,3913.62
3/8/14,115.33,3912.32
4/8/14,115.32,3911.01
5/8/14,115.30,3908.41
6/8/14,115.30,3908.41
7/8/14,115.29,3907.10
8/8/14,115.29,3907.10
9/8/14,115.29,3907.10
10/8/14,115.29,3907.10
11/8/14,115.29,3907.10
12/8/14,115.29,3907.10
13/8/14,115.29,3907.10
14/8/14,115.29,3907.10
15/8/14,115.30,3908.41
16/8/14,115.32,3911.01
17/8/14,115.32,3911.01
18/8/14,115.32,3911.01
19/8/14,115.32,3911.01
20/8/14,115.31,3909.71
21/8/14,115.30,3908.41
22/8/14,115.29,3907.10
23/8/14,115.28,3905.80
24/8/14,115.27,3904.50
25/8/14,115.26,3903.19
26/8/14,115.24,3900.58
27/8/14,115.22,3897.98
28/8/14,115.21,3896.67
29/8/14,115.20,3895.37
30/8/14,115.18,3892.76
31/8/14,115.16,3890.15
1/9/14,115.15,3888.85
2/9/14,115.14,3887.54
3/9/14,115.12,3884.94
4/9/14,115.10,3882.33
5/9/14,115.08,3879.72
6/9/14,115.08,3879.72
7/9/14,115.06,3877.11
8/9/14,115.06,3877.11
9/9/14,115.06,3877.11
10/9/14,115.04,3874.51
11/9/14,115.04,3874.51
12/9/14,115.04,3874.51
13/9/14,115.02,3871.90
14/9/14,115.01,3870.59
15/9/14,115.00,3869.29
16/9/14,114.99,3867.99
17/9/14,114.97,3865.38
18/9/14,114.97,3865.38
19/9/14,114.96,3864.07
20/9/14,114.96,3864.07
21/9/14,114.95,3862.77
22/9/14,114.94,3861.47
23/9/14,114.93,3860.16
24/9/14,114.93,3860.16
25/9/14,114.92,3858.86
26/9/14,114.91,3857.55
27/9/14,114.91,3857.55
28/9/14,114.90,3856.25
29/9/14,114.89,3854.95
30/9/14,114.88,3853.64
1/10/14,114.87,3852.34
2/10/14,114.86,3851.04
3/10/14,114.85,3849.73
4/10/14,114.85,3849.73
5/10/14,114.84,3848.43
6/10/14,114.83,3847.12
7/10/14,114.81,3844.52
8/10/14,114.80,3843.21
9/10/14,114.78,3840.60
10/10/14,114.77,3839.30
11/10/14,114.77,3839.30
12/10/14,114.75,3836.69
13/10/14,114.73,3834.08
14/10/14,114.71,3831.48
15/10/14,114.69,3828.87
16/10/14,114.66,3824.96
17/10/14,114.62,3819.74
18/10/14,114.58,3814.53
19/10/14,114.55,3810.61
20/10/14,114.51,3805.40
21/10/14,114.50,3804.10
22/10/14,114.48,3801.49
23/10/14,114.47,3800.18
24/10/14,114.46,3798.88
25/10/14,114.46,3798.88
26/10/14,114.44,3796.27
27/10/14,114.41,3792.36
28/10/14,114.40,3791.06
29/10/14,114.36,3785.84
30/10/14,114.31,3779.32
31/10/14,114.30,3778.02
1/11/14,114.28,3775.41
2/11/14,114.27,3774.11
3/11/14,114.26,3772.80
4/11/14,114.25,3771.50
5/11/14,114.24,3770.19
6/11/14,114.23,3768.89
7/11/14,114.22,3767.59
8/11/14,114.20,3764.98
9/11/14,114.18,3762.37
10/11/14,114.17,3761.07
11/11/14,114.16,3759.76
12/11/14,114.12,3754.55
13/11/14,114.10,3751.94
14/11/14,114.08,3749.33
15/11/14,114.08,3749.33
16/11/14,114.08,3749.33
17/11/14,114.05,3745.42
18/11/14,114.03,3742.81
19/11/14,114.01,3740.20
20/11/14,114.01,3740.20
21/11/14,114.01,3740.20
22/11/14,114.00,3738.90
23/11/14,114.13,3755.85
24/11/14,114.29,3776.71
25/11/14,114.39,3789.75
26/11/14,114.45,3797.58
27/11/14,114.51,3805.40
28/11/14,114.50,3804.10
29/11/14,114.46,3798.88
30/11/14,114.43,3794.97
1/12/14,114.38,3788.45
2/12/14,114.35,3784.54
3/12/14,114.28,3775.41
4/12/14,114.22,3767.59
5/12/14,114.18,3762.37
6/12/14,114.15,3758.46
7/12/14,114.12,3754.55
8/12/14,114.05,3745.42
9/12/14,114.01,3740.20
10/12/14,113.93,3729.77
11/12/14,113.88,3723.25
12/12/14,113.87,3721.95
13/12/14,113.85,3719.34
14/12/14,113.86,3720.65
15/12/14,113.88,3723.25
16/12/14,113.88,3723.25
17/12/14,113.98,3736.29
18/12/14,114.31,3779.32
19/12/14,114.35,3784.54
20/12/14,114.48,3801.49
21/12/14,114.53,3808.01
22/12/14,114.46,3798.88
23/12/14,114.45,3797.58
24/12/14,114.53,3808.01
25/12/14,114.50,3804.10
26/12/14,114.53,3808.01
27/12/14,114.46,3798.88
28/12/14,114.46,3798.88
29/12/14,114.45,3797.58
30/12/14,114.43,3794.97
31/12/14,114.38,3788.45
1/1/15,114.35,3784.54
2/1/15,114.30,3778.02
3/1/15,114.24,3770.19
4/1/15,114.20,3764.98
5/1/15,114.15,3758.46
6/1/15,114.10,3751.94
7/1/15,114.02,3741.51
8/1/15,113.98,3736.29
9/1/15,113.90,3725.86
10/1/15,113.86,3720.65
11/1/15,113.82,3715.43
12/1/15,113.80,3712.82
13/1/15,113.76,3707.61
14/1/15,113.73,3703.69
15/1/15,113.71,3701.09
16/1/15,113.70,3699.78
17/1/15,113.67,3695.87
18/1/15,113.66,3694.57
19/1/15,113.66,3694.57
20/1/15,113.66,3694.57
21/1/15,113.64,3691.96
22/1/15,113.61,3688.05
23/1/15,113.59,3685.44
24/1/15,113.60,3686.74
25/1/15,113.60,3686.74
26/1/15,113.58,3684.14
27/1/15,113.56,3681.53
28/1/15,113.55,3680.22
29/1/15,113.53,3677.62
30/1/15,113.50,3673.71
31/1/15,113.49,3672.40
1/2/15,113.49,3672.40
2/2/15,113.47,3669.79
3/2/15,113.47,3669.79
4/2/15,113.45,3667.19
5/2/15,113.45,3667.19
6/2/15,113.45,3667.19
7/2/15,113.45,3667.19
8/2/15,113.55,3680.22
9/2/15,113.57,3682.83
10/2/15,113.58,3684.14
11/2/15,113.58,3684.14
12/2/15,113.58,3684.14
13/2/15,113.59,3685.44
14/2/15,113.63,3690.66
15/2/15,113.70,3699.78
16/2/15,113.75,3706.30
17/2/15,113.76,3707.61
18/2/15,113.79,3711.52
19/2/15,113.84,3718.04
20/2/15,113.85,3719.34
21/2/15,113.87,3721.95
22/2/15,113.90,3725.86
23/2/15,113.91,3727.16
24/2/15,113.91,3727.16
25/2/15,113.94,3731.08
26/2/15,113.95,3732.38
27/2/15,113.93,3729.77
28/2/15,113.94,3731.08
1/3/15,113.97,3734.99
2/3/15,114.00,3738.90
3/3/15,114.01,3740.20
4/3/15,114.01,3740.20
5/3/15,114.02,3741.51
6/3/15,114.01,3740.20
7/3/15,113.99,3737.60
8/3/15,113.99,3737.60
9/3/15,113.98,3736.29
10/3/15,113.93,3729.77
11/3/15,113.86,3720.65
12/3/15,113.82,3715.43
13/3/15,113.78,3710.21
14/3/15,113.76,3707.61
15/3/15,113.76,3707.61
16/3/15,113.73,3703.69
17/3/15,113.71,3701.09
18/3/15,113.71,3701.09
19/3/15,113.71,3701.09
20/3/15,113.72,3702.39
21/3/15,113.72,3702.39
22/3/15,113.71,3701.09
23/3/15,113.71,3701.09
24/3/15,113.70,3699.78
25/3/15,113.69,3698.48
26/3/15,113.69,3698.48
27/3/15,113.69,3698.48
28/3/15,113.68,3697.18
29/3/15,113.75,3706.30
30/3/15,113.80,3712.82
31/3/15,113.84,3718.04
1/4/15,113.92,3728.47
2/4/15,113.95,3732.38
3/4/15,113.97,3734.99
4/4/15,113.98,3736.29
5/4/15,114.02,3741.51
6/4/15,114.04,3744.12
7/4/15,114.13,3755.85
8/4/15,114.50,3804.10
9/4/15,114.56,3811.92
10/4/15,114.76,3838.00
11/4/15,114.84,3848.43
12/4/15,114.84,3848.43
13/4/15,114.84,3848.43
14/4/15,114.84,3848.43
15/4/15,114.86,3851.04
16/4/15,114.87,3852.34
17/4/15,114.89,3854.95
18/4/15,114.90,3856.25
19/4/15,114.92,3858.86
20/4/15,114.94,3861.47
21/4/15,114.94,3861.47
22/4/15,114.94,3861.47
23/4/15,114.92,3858.86
24/4/15,114.89,3854.95
25/4/15,114.88,3853.64
26/4/15,114.89,3854.95
27/4/15,114.92,3858.86
28/4/15,115.00,3869.29
29/4/15,115.07,3878.42
30/4/15,115.10,3882.33
1/5/15,115.11,3883.63
2/5/15,115.11,3883.63
3/5/15,115.20,3895.37
4/5/15,115.28,3905.80
5/5/15,115.39,3920.14
6/5/15,115.53,3938.40
7/5/15,115.72,3963.17
8/5/15,115.93,3990.55
9/5/15,116.06,4007.50
10/5/15,116.14,4017.93
11/5/15,116.24,4030.97
12/5/15,116.30,4038.80
13/5/15,116.34,4044.01
14/5/15,116.34,4044.01
15/5/15,116.38,4049.23
16/5/15,116.43,4055.75
17/5/15,116.46,4059.66
18/5/15,116.55,4071.39
19/5/15,116.60,4077.91
20/5/15,116.61,4079.22
21/5/15,116.63,4081.83
22/5/15,116.67,4087.04
23/5/15,116.67,4087.04
24/5/15,116.68,4088.35
25/5/15,116.68,4088.35
26/5/15,116.69,4089.65
27/5/15,116.71,4092.26
28/5/15,116.72,4093.56
29/5/15,116.73,4094.86
30/5/15,116.76,4098.78
31/5/15,116.78,4101.38
1/6/15,116.79,4102.69
2/6/15,116.79,4102.69
3/6/15,116.81,4105.30
4/6/15,116.85,4110.51
5/6/15,116.88,4114.42
6/6/15,116.89,4115.73
7/6/15,116.90,4117.03
8/6/15,116.95,4123.55
9/6/15,116.96,4124.85
10/6/15,116.96,4124.85
11/6/15,116.99,4128.77
12/6/15,117.00,4130.07
13/6/15,117.00,4130.07
14/6/15,117.02,4132.68
15/6/15,117.04,4135.29
16/6/15,117.06,4137.89
17/6/15,117.06,4137.89
18/6/15,117.08,4140.50
19/6/15,117.08,4140.50
20/6/15,117.11,4144.41
21/6/15,117.11,4144.41
22/6/15,117.13,4147.02
23/6/15,117.15,4149.63
24/6/15,117.16,4150.93
25/6/15,117.20,4156.15
26/6/15,117.21,4157.45
27/6/15,117.21,4157.45
28/6/15,117.21,4157.45
29/6/15,117.21,4157.45
30/6/15,117.21,4157.45
1/7/15,117.23,4160.06
2/7/15,117.23,4160.06
3/7/15,117.23,4160.06
4/7/15,117.24,4161.36
5/7/15,117.25,4162.67
6/7/15,117.25,4162.67
7/7/15,117.28,4166.58
8/7/15,117.30,4169.19
9/7/15,117.33,4173.10
10/7/15,117.35,4175.71
11/7/15,117.37,4178.31
12/7/15,117.37,4178.31
13/7/15,117.37,4178.31
14/7/15,117.37,4178.31
15/7/15,117.35,4175.71
16/7/15,117.34,4174.40
17/7/15,117.30,4169.19
18/7/15,117.30,4169.19
19/7/15,117.29,4167.88
20/7/15,117.29,4167.88
21/7/15,117.27,4165.28
22/7/15,117.27,4165.28
23/7/15,117.29,4167.88
24/7/15,117.32,4171.79
25/7/15,117.34,4174.40
26/7/15,117.35,4175.71
27/7/15,117.36,4177.01
28/7/15,117.36,4177.01
29/7/15,117.35,4175.71
30/7/15,117.34,4174.40
31/7/15,117.32,4171.79
1/8/15,117.30,4169.19
2/8/15,117.29,4167.88
3/8/15,117.28,4166.58
4/8/15,117.25,4162.67
5/8/15,117.19,4154.84
6/8/15,117.17,4152.24
7/8/15,117.13,4147.02
8/8/15,117.11,4144.41
9/8/15,117.08,4140.50
10/8/15,117.02,4132.68
11/8/15,116.97,4126.16
12/8/15,116.89,4115.73
13/8/15,116.87,4113.12
14/8/15,116.85,4110.51
15/8/15,116.78,4101.38
16/8/15,116.75,4097.47
17/8/15,116.72,4093.56
18/8/15,116.68,4088.35
19/8/15,116.61,4079.22
20/8/15,116.54,4070.09
21/8/15,116.48,4062.27
22/8/15,116.45,4058.36
23/8/15,116.44,4057.05
24/8/15,116.46,4059.66
25/8/15,116.45,4058.36
26/8/15,116.44,4057.05
27/8/15,116.39,4050.53
28/8/15,116.34,4044.01
29/8/15,116.33,4042.71
30/8/15,116.29,4037.49
31/8/15,116.26,4033.58
1/9/15,116.21,4027.06
2/9/15,116.17,4021.85
3/9/15,116.10,4012.72
4/9/15,116.05,4006.20
5/9/15,115.96,3994.46
6/9/15,115.90,3986.64
7/9/15,115.88,3984.03
8/9/15,115.79,3972.30
9/9/15,115.74,3965.78
10/9/15,115.65,3954.04
11/9/15,115.59,3946.22
12/9/15,115.51,3935.79
13/9/15,115.48,3931.88
14/9/15,115.45,3927.97
15/9/15,115.33,3912.32
16/9/15,115.27,3904.50
17/9/15,115.20,3895.37
18/9/15,115.14,3887.54
19/9/15,115.08,3879.72
20/9/15,115.03,3873.20
21/9/15,114.98,3866.68
22/9/15,114.90,3856.25
23/9/15,114.82,3845.82
24/9/15,114.76,3838.00
25/9/15,114.75,3836.69
26/9/15,114.75,3836.69
27/9/15,114.70,3830.17
28/9/15,114.63,3821.05
29/9/15,114.51,3805.40
30/9/15,114.47,3800.18
1/10/15,114.40,3791.06
2/10/15,114.32,3780.62
3/10/15,114.27,3774.11
4/10/15,114.19,3763.67
5/10/15,114.10,3751.94
6/10/15,114.05,3745.42
7/10/15,113.96,3733.68
8/10/15,113.87,3721.95
9/10/15,113.79,3711.52
10/10/15,113.70,3699.78
11/10/15,113.67,3695.87
12/10/15,113.65,3693.26
13/10/15,113.55,3680.22
14/10/15,113.47,3669.79
15/10/15,113.45,3667.19
16/10/15,113.38,3658.06
17/10/15,113.35,3654.15
18/10/15,113.32,3650.23
19/10/15,113.24,3639.80
20/10/15,113.16,3629.37
21/10/15,113.12,3624.16
22/10/15,113.02,3611.12
23/10/15,113.01,3609.81
24/10/15,113.00,3608.51
25/10/15,113.00,3608.51
26/10/15,112.98,3605.90
27/10/15,112.96,3603.29
28/10/15,112.95,3601.99
29/10/15,112.94,3600.69
30/10/15,112.93,3599.38
31/10/15,112.91,3596.77
1/11/15,112.90,3595.47
2/11/15,112.89,3594.17
3/11/15,112.88,3592.86
4/11/15,112.87,3591.56
5/11/15,112.86,3590.26
6/11/15,112.84,3587.65
7/11/15,112.82,3585.04
8/11/15,112.79,3581.13
9/11/15,112.78,3579.82
10/11/15,112.77,3578.52
11/11/15,112.76,3577.22
12/11/15,112.75,3575.91
13/11/15,112.73,3573.30
14/11/15,112.72,3572.00
15/11/15,112.71,3570.70
16/11/15,112.70,3569.39
17/11/15,112.69,3568.09
18/11/15,112.68,3566.79
19/11/15,112.67,3565.48
20/11/15,112.66,3564.18
21/11/15,112.64,3561.57
22/11/15,112.63,3560.27
23/11/15,112.62,3558.96
24/11/15,112.61,3557.66
25/11/15,112.60,3556.35
26/11/15,112.59,3555.05
27/11/15,112.58,3553.75
28/11/15,112.57,3552.44
29/11/15,112.55,3549.83
30/11/15,112.53,3547.23
1/12/15,112.50,3543.32
2/12/15,112.48,3540.71
3/12/15,112.47,3539.40
4/12/15,112.47,3539.40
5/12/15,112.47,3539.40
6/12/15,112.46,3538.10
7/12/15,112.45,3536.80
8/12/15,112.41,3531.58
9/12/15,112.40,3530.28
10/12/15,112.39,3528.97
11/12/15,112.38,3527.67
12/12/15,112.37,3526.36
13/12/15,112.36,3525.06
14/12/15,112.35,3523.76
15/12/15,112.33,3521.15
16/12/15,112.31,3518.54
17/12/15,112.29,3515.93
18/12/15,112.27,3513.33
19/12/15,112.26,3512.02
20/12/15,112.25,3510.72
21/12/15,112.24,3509.41
22/12/15,112.22,3506.81
23/12/15,112.21,3505.50
24/12/15,112.20,3504.20
25/12/15,112.18,3501.59
26/12/15,112.16,3498.98
27/12/15,112.14,3496.37
28/12/15,112.12,3493.77
29/12/15,112.11,3492.46
30/12/15,112.09,3489.86
31/12/15,112.07,3487.25
1/1/16,112.05,3484.64
2/1/16,112.03,3482.03
3/1/16,112.02,3480.73
4/1/16,112.03,3482.03
5/1/16,112.04,3483.34
6/1/16,112.23,3508.11
7/1/16,112.77,3578.52
8/1/16,113.07,3617.64
9/1/16,113.20,3634.59
10/1/16,113.21,3635.89
11/1/16,113.18,3631.98
12/1/16,113.23,3638.50
13/1/16,113.23,3638.50
14/1/16,113.21,3635.89
15/1/16,113.25,3641.11
16/1/16,113.28,3645.02
17/1/16,113.32,3650.23
18/1/16,113.38,3658.06
19/1/16,113.37,3656.75
20/1/16,113.38,3658.06
21/1/16,113.48,3671.10
22/1/16,114.32,3780.62
23/1/16,115.15,3888.85
24/1/16,115.15,3888.85
25/1/16,115.25,3901.89
26/1/16,115.41,3922.75
27/1/16,115.33,3912.32
28/1/16,115.25,3901.89
29/1/16,115.11,3883.63
30/1/16,114.86,3851.04
31/1/16,114.55,3810.61
1/2/16,114.53,3808.01
2/2/16,114.58,3814.53
3/2/16,114.60,3817.13
4/2/16,114.54,3809.31
5/2/16,114.48,3801.49
6/2/16,114.54,3809.31
7/2/16,114.52,3806.70
8/2/16,114.50,3804.10
9/2/16,114.50,3804.10
10/2/16,114.48,3801.49
11/2/16,114.46,3798.88
12/2/16,114.43,3794.97
13/2/16,114.42,3793.66
14/2/16,114.40,3791.06
15/2/16,114.41,3792.36
16/2/16,114.43,3794.97
17/2/16,114.40,3791.06
18/2/16,114.38,3788.45
19/2/16,114.41,3792.36
20/2/16,114.43,3794.97
21/2/16,114.41,3792.36
22/2/16,114.39,3789.75
23/2/16,114.37,3787.14
24/2/16,114.35,3784.54
25/2/16,114.33,3781.93
26/2/16,114.28,3775.41
27/2/16,114.27,3774.11
28/2/16,114.24,3770.19
29/2/16,114.21,3766.28
1/3/16,114.18,3762.37
2/3/16,114.15,3758.46
3/3/16,114.12,3754.55
4/3/16,114.08,3749.33
5/3/16,114.04,3744.12
6/3/16,114.03,3742.81
7/3/16,113.98,3736.29
8/3/16,113.95,3732.38
9/3/16,113.90,3725.86
10/3/16,113.88,3723.25
11/3/16,113.83,3716.73
12/3/16,113.80,3712.82
13/3/16,113.77,3708.91
14/3/16,113.75,3706.30
15/3/16,113.72,3702.39
16/3/16,113.66,3694.57
17/3/16,113.67,3695.87
18/3/16,113.66,3694.57
19/3/16,113.65,3693.26
20/3/16,113.63,3690.66
21/3/16,113.59,3685.44
22/3/16,113.55,3680.22
23/3/16,113.53,3677.62
24/3/16,113.47,3669.79
25/3/16,113.45,3667.19
26/3/16,113.44,3665.88
27/3/16,113.43,3664.58
28/3/16,113.42,3663.27
29/3/16,113.44,3665.88
30/3/16,113.43,3664.58
31/3/16,113.39,3659.36
1/4/16,113.39,3659.36
2/4/16,113.37,3656.75
3/4/16,113.36,3655.45
4/4/16,113.35,3654.15
5/4/16,113.34,3652.84
6/4/16,113.33,3651.54
7/4/16,113.31,3648.93
8/4/16,113.29,3646.32
9/4/16,113.27,3643.72
10/4/16,113.25,3641.11
11/4/16,113.23,3638.50
12/4/16,113.22,3637.20
13/4/16,113.23,3638.50
14/4/16,113.22,3637.20
15/4/16,113.20,3634.59
16/4/16,113.19,3633.28
17/4/16,113.18,3631.98
18/4/16,113.17,3630.68
19/4/16,113.16,3629.37
20/4/16,113.15,3628.07
21/4/16,113.14,3626.76
22/4/16,113.13,3625.46
23/4/16,113.12,3624.16
24/4/16,113.11,3622.85
25/4/16,113.10,3621.55
26/4/16,113.09,3620.25
27/4/16,113.08,3618.94
28/4/16,113.06,3616.33
29/4/16,113.04,3613.73
30/4/16,113.03,3612.42
1/5/16,113.02,3611.12
2/5/16,113.00,3608.51
3/5/16,112.99,3607.21
4/5/16,112.98,3605.90
5/5/16,112.97,3604.60
6/5/16,112.97,3604.60
7/5/16,112.97,3604.60
8/5/16,112.99,3607.21
9/5/16,112.99,3607.21
10/5/16,112.97,3604.60
11/5/16,112.96,3603.29
12/5/16,112.95,3601.99
13/5/16,112.94,3600.69
14/5/16,112.93,3599.38
15/5/16,112.92,3598.08
16/5/16,112.94,3600.69
17/5/16,112.94,3600.69
18/5/16,112.91,3596.77
19/5/16,112.90,3595.47
20/5/16,112.89,3594.17
21/5/16,112.87,3591.56
22/5/16,112.87,3591.56
23/5/16,112.86,3590.26
24/5/16,112.85,3588.95
25/5/16,112.85,3588.95
26/5/16,112.85,3588.95
27/5/16,112.84,3587.65
28/5/16,112.84,3587.65
29/5/16,112.84,3587.65
30/4/15,115.10,3882.33
1/5/15,115.11,3883.63
2/5/15,115.11,3883.63
3/5/15,115.20,3895.37
4/5/15,115.28,3905.80
5/5/15,115.39,3920.14
6/5/15,115.53,3938.40
7/5/15,115.72,3963.17
8/5/15,115.93,3990.55
9/5/15,116.06,4007.50
10/5/15,116.14,4017.93
11/5/15,116.24,4030.97
12/5/15,116.30,4038.80
13/5/15,116.34,4044.01
14/5/15,116.34,4044.01
15/5/15,116.38,4049.23
16/5/15,116.43,4055.75
17/5/15,116.46,4059.66
18/5/15,116.55,4071.39
19/5/15,116.60,4077.91
20/5/15,116.61,4079.22
21/5/15,116.63,4081.83
22/5/15,116.67,4087.04
23/5/15,116.67,4087.04
24/5/15,116.68,4088.35
25/5/15,116.68,4088.35
26/5/15,116.69,4089.65
27/5/15,116.71,4092.26
28/5/15,116.72,4093.56
29/5/15,116.73,4094.86
30/5/15,116.76,4098.78
31/5/15,116.78,4101.38
1/6/15,116.79,4102.69
2/6/15,116.79,4102.69
3/6/15,116.81,4105.30
4/6/15,116.85,4110.51
5/6/15,116.88,4114.42
6/6/15,116.89,4115.73
7/6/15,116.90,4117.03
8/6/15,116.95,4123.55
9/6/15,116.96,4124.85
10/6/15,116.96,4124.85
11/6/15,116.99,4128.77
12/6/15,117.00,4130.07
13/6/15,117.00,4130.07
14/6/15,117.02,4132.68
15/6/15,117.04,4135.29
16/6/15,117.06,4137.89
17/6/15,117.06,4137.89
18/6/15,117.08,4140.50
19/6/15,117.08,4140.50
20/6/15,117.11,4144.41
21/6/15,117.11,4144.41
22/6/15,117.13,4147.02
23/6/15,117.15,4149.63
24/6/15,117.16,4150.93
25/6/15,117.20,4156.15
26/6/15,117.21,4157.45
27/6/15,117.21,4157.45
28/6/15,117.21,4157.45
29/6/15,117.21,4157.45
30/6/15,117.21,4157.45
1/7/15,117.23,4160.06
2/7/15,117.23,4160.06
3/7/15,117.23,4160.06
4/7/15,117.24,4161.36
5/7/15,117.25,4162.67
6/7/15,117.25,4162.67
7/7/15,117.28,4166.58
8/7/15,117.30,4169.19
9/7/15,117.33,4173.10
10/7/15,117.35,4175.71
11/7/15,117.37,4178.31
12/7/15,117.37,4178.31
13/7/15,117.37,4178.31
14/7/15,117.37,4178.31
15/7/15,117.35,4175.71
16/7/15,117.34,4174.40
17/7/15,117.30,4169.19
18/7/15,117.30,4169.19
19/7/15,117.29,4167.88
20/7/15,117.29,4167.88
21/7/15,117.27,4165.28
22/7/15,117.27,4165.28
23/7/15,117.29,4167.88
24/7/15,117.32,4171.79
25/7/15,117.34,4174.40
26/7/15,117.35,4175.71
27/7/15,117.36,4177.01
28/7/15,117.36,4177.01
29/7/15,117.35,4175.71
30/7/15,117.34,4174.40
31/7/15,117.32,4171.79
1/8/15,117.30,4169.19
2/8/15,117.29,4167.88
3/8/15,117.28,4166.58
4/8/15,117.25,4162.67
5/8/15,117.19,4154.84
6/8/15,117.17,4152.24
7/8/15,117.13,4147.02
8/8/15,117.11,4144.41
9/8/15,117.08,4140.50
10/8/15,117.02,4132.68
11/8/15,116.97,4126.16
12/8/15,116.89,4115.73
13/8/15,116.87,4113.12
14/8/15,116.85,4110.51
15/8/15,116.78,4101.38
16/8/15,116.75,4097.47
17/8/15,116.72,4093.56
18/8/15,116.68,4088.35
19/8/15,116.61,4079.22
20/8/15,116.54,4070.09
21/8/15,116.48,4062.27
22/8/15,116.45,4058.36
23/8/15,116.44,4057.05
24/8/15,116.46,4059.66
25/8/15,116.45,4058.36
26/8/15,116.44,4057.05
27/8/15,116.39,4050.53
28/8/15,116.34,4044.01
29/8/15,116.33,4042.71
30/8/15,116.29,4037.49
31/8/15,116.26,4033.58
1/9/15,116.21,4027.06
2/9/15,116.17,4021.85
3/9/15,116.10,4012.72
4/9/15,116.05,4006.20
5/9/15,115.96,3994.46
6/9/15,115.90,3986.64
7/9/15,115.88,3984.03
8/9/15,115.79,3972.30
9/9/15,115.74,3965.78
10/9/15,115.65,3954.04
11/9/15,115.59,3946.22
12/9/15,115.51,3935.79
13/9/15,115.48,3931.88
14/9/15,115.45,3927.97
15/9/15,115.33,3912.32
16/9/15,115.27,3904.50
17/9/15,115.20,3895.37
18/9/15,115.14,3887.54
19/9/15,115.08,3879.72
20/9/15,115.03,3873.20
21/9/15,114.98,3866.68
22/9/15,114.90,3856.25
23/9/15,114.82,3845.82
24/9/15,114.76,3838.00
25/9/15,114.75,3836.69
26/9/15,114.75,3836.69
27/9/15,114.70,3830.17
28/9/15,114.63,3821.05
29/9/15,114.51,3805.40
30/9/15,114.47,3800.18
1/10/15,114.40,3791.06
2/10/15,114.32,3780.62
3/10/15,114.27,3774.11
4/10/15,114.19,3763.67
5/10/15,114.10,3751.94
6/10/15,114.05,3745.42
7/10/15,113.96,3733.68
8/10/15,113.87,3721.95
9/10/15,113.79,3711.52
10/10/15,113.70,3699.78
11/10/15,113.67,3695.87
12/10/15,113.65,3693.26
13/10/15,113.55,3680.22
14/10/15,113.47,3669.79
15/10/15,113.45,3667.19
16/10/15,113.38,3658.06
17/10/15,113.35,3654.15
18/10/15,113.32,3650.23
19/10/15,113.24,3639.80
20/10/15,113.16,3629.37
21/10/15,113.12,3624.16
22/10/15,113.02,3611.12
23/10/15,113.01,3609.81
24/10/15,113.00,3608.51
25/10/15,113.00,3608.51
26/10/15,112.98,3605.90
27/10/15,112.96,3603.29
28/10/15,112.95,3601.99
29/10/15,112.94,3600.69
30/10/15,112.93,3599.38
31/10/15,112.91,3596.77
1/11/15,112.90,3595.47
2/11/15,112.89,3594.17
3/11/15,112.88,3592.86
4/11/15,112.87,3591.56
5/11/15,112.86,3590.26
6/11/15,112.84,3587.65
7/11/15,112.82,3585.04
8/11/15,112.79,3581.13
9/11/15,112.78,3579.82
10/11/15,112.77,3578.52
11/11/15,112.76,3577.22
12/11/15,112.75,3575.91
13/11/15,112.73,3573.30
14/11/15,112.72,3572.00
15/11/15,112.71,3570.70
16/11/15,112.70,3569.39
17/11/15,112.69,3568.09
18/11/15,112.68,3566.79
19/11/15,112.67,3565.48
20/11/15,112.66,3564.18
21/11/15,112.64,3561.57
22/11/15,112.63,3560.27
23/11/15,112.62,3558.96
24/11/15,112.61,3557.66
25/11/15,112.60,3556.35
26/11/15,112.59,3555.05
27/11/15,112.58,3553.75
28/11/15,112.57,3552.44
29/11/15,112.55,3549.83
30/11/15,112.53,3547.23
1/12/15,112.50,3543.32
2/12/15,112.48,3540.71
3/12/15,112.47,3539.40
4/12/15,112.47,3539.40
5/12/15,112.47,3539.40
6/12/15,112.46,3538.10
7/12/15,112.45,3536.80
8/12/15,112.41,3531.58
9/12/15,112.40,3530.28
10/12/15,112.39,3528.97
11/12/15,112.38,3527.67
12/12/15,112.37,3526.36
13/12/15,112.36,3525.06
14/12/15,112.35,3523.76
15/12/15,112.33,3521.15
16/12/15,112.31,3518.54
17/12/15,112.29,3515.93
18/12/15,112.27,3513.33
19/12/15,112.26,3512.02
20/12/15,112.25,3510.72
21/12/15,112.24,3509.41
22/12/15,112.22,3506.81
23/12/15,112.21,3505.50
24/12/15,112.20,3504.20
25/12/15,112.18,3501.59
26/12/15,112.16,3498.98
27/12/15,112.14,3496.37
28/12/15,112.12,3493.77
29/12/15,112.11,3492.46
30/12/15,112.09,3489.86
31/12/15,112.07,3487.25
1/1/16,112.05,3484.64
2/1/16,112.03,3482.03
3/1/16,112.02,3480.73
4/1/16,112.03,3482.03
5/1/16,112.04,3483.34
6/1/16,112.23,3508.11
7/1/16,112.77,3578.52
8/1/16,113.07,3617.64
9/1/16,113.20,3634.59
10/1/16,113.21,3635.89
11/1/16,113.18,3631.98
12/1/16,113.23,3638.50
13/1/16,113.23,3638.50
14/1/16,113.21,3635.89
15/1/16,113.25,3641.11
16/1/16,113.28,3645.02
17/1/16,113.32,3650.23
18/1/16,113.38,3658.06
19/1/16,113.37,3656.75
20/1/16,113.38,3658.06
21/1/16,113.48,3671.10
22/1/16,114.32,3780.62
23/1/16,115.15,3888.85
24/1/16,115.15,3888.85
25/1/16,115.25,3901.89
26/1/16,115.41,3922.75
27/1/16,115.33,3912.32
28/1/16,115.25,3901.89
29/1/16,115.11,3883.63
30/1/16,114.86,3851.04
31/1/16,114.55,3810.61
1/2/16,114.53,3808.01
2/2/16,114.58,3814.53
3/2/16,114.60,3817.13
4/2/16,114.54,3809.31
5/2/16,114.48,3801.49
6/2/16,114.54,3809.31
7/2/16,114.52,3806.70
8/2/16,114.50,3804.10
9/2/16,114.50,3804.10
10/2/16,114.48,3801.49
11/2/16,114.46,3798.88
12/2/16,114.43,3794.97
13/2/16,114.42,3793.66
14/2/16,114.40,3791.06
15/2/16,114.41,3792.36
16/2/16,114.43,3794.97
17/2/16,114.40,3791.06
18/2/16,114.38,3788.45
19/2/16,114.41,3792.36
20/2/16,114.43,3794.97
21/2/16,114.41,3792.36
22/2/16,114.39,3789.75
23/2/16,114.37,3787.14
24/2/16,114.35,3784.54
25/2/16,114.33,3781.93
26/2/16,114.28,3775.41
27/2/16,114.27,3774.11
28/2/16,114.24,3770.19
29/2/16,114.21,3766.28
1/3/16,114.18,3762.37
2/3/16,114.15,3758.46
3/3/16,114.12,3754.55
4/3/16,114.08,3749.33
5/3/16,114.04,3744.12
6/3/16,114.03,3742.81
7/3/16,113.98,3736.29
8/3/16,113.95,3732.38
9/3/16,113.90,3725.86
10/3/16,113.88,3723.25
11/3/16,113.83,3716.73
12/3/16,113.80,3712.82
13/3/16,113.77,3708.91
14/3/16,113.75,3706.30
15/3/16,113.72,3702.39
16/3/16,113.66,3694.57
17/3/16,113.67,3695.87
18/3/16,113.66,3694.57
19/3/16,113.65,3693.26
20/3/16,113.63,3690.66
21/3/16,113.59,3685.44
22/3/16,113.55,3680.22
23/3/16,113.53,3677.62
24/3/16,113.47,3669.79
25/3/16,113.45,3667.19
26/3/16,113.44,3665.88
27/3/16,113.43,3664.58
28/3/16,113.42,3663.27
29/3/16,113.44,3665.88
30/3/16,113.43,3664.58
31/3/16,113.39,3659.36
1/4/16,113.39,3659.36
2/4/16,113.37,3656.75
3/4/16,113.36,3655.45
4/4/16,113.35,3654.15
5/4/16,113.34,3652.84
6/4/16,113.33,3651.54
7/4/16,113.31,3648.93
8/4/16,113.29,3646.32
9/4/16,113.27,3643.72
10/4/16,113.25,3641.11
11/4/16,113.23,3638.50
12/4/16,113.22,3637.20
13/4/16,113.23,3638.50
14/4/16,113.22,3637.20
15/4/16,113.20,3634.59
16/4/16,113.19,3633.28
17/4/16,113.18,3631.98
18/4/16,113.17,3630.68
19/4/16,113.16,3629.37
20/4/16,113.15,3628.07
21/4/16,113.14,3626.76
22/4/16,113.13,3625.46
23/4/16,113.12,3624.16
24/4/16,113.11,3622.85
25/4/16,113.10,3621.55
26/4/16,113.09,3620.25
27/4/16,113.08,3618.94
28/4/16,113.06,3616.33
29/4/16,113.04,3613.73
30/4/16,113.03,3612.42
1/5/16,113.02,3611.12
2/5/16,113.00,3608.51
3/5/16,112.99,3607.21
4/5/16,112.98,3605.90
5/5/16,112.97,3604.60
6/5/16,112.97,3604.60
7/5/16,112.97,3604.60
8/5/16,112.99,3607.21
9/5/16,112.99,3607.21
10/5/16,112.97,3604.60
11/5/16,112.96,3603.29
12/5/16,112.95,3601.99
13/5/16,112.94,3600.69
14/5/16,112.93,3599.38
15/5/16,112.92,3598.08
16/5/16,112.94,3600.69
17/5/16,112.94,3600.69
18/5/16,112.91,3596.77
19/5/16,112.90,3595.47
20/5/16,112.89,3594.17
21/5/16,112.87,3591.56
22/5/16,112.87,3591.56
23/5/16,112.86,3590.26
24/5/16,112.85,3588.95
25/5/16,112.85,3588.95
26/5/16,112.85,3588.95
27/5/16,112.84,3587.65
28/5/16,112.84,3587.65
29/5/16,112.84,3587.65
30/5/16,112.84,3587.65
31/5/16,112.82,3585.04
1/6/16,112.80,3582.43
2/6/16,112.80,3582.43
3/6/16,112.79,3581.13
4/6/16,112.78,3579.82
5/6/16,112.77,3578.52
6/6/16,112.76,3577.22
7/6/16,112.74,3574.61
8/6/16,112.73,3573.30
9/6/16,112.72,3572.00
10/6/16,112.71,3570.70
11/6/16,112.70,3569.39
12/6/16,112.69,3568.09
13/6/16,112.68,3566.79
14/6/16,112.68,3566.79
15/6/16,112.67,3565.48
16/6/16,112.66,3564.18
17/6/16,112.65,3562.87
18/6/16,112.64,3561.57
19/6/16,112.63,3560.27
20/6/16,112.62,3558.96
21/6/16,112.62,3558.96
22/6/16,112.62,3558.96
23/6/16,112.61,3557.66
24/6/16,112.61,3557.66
25/6/16,112.60,3556.35
26/6/16,112.60,3556.35
27/6/16,112.59,3555.05
28/6/16,112.58,3553.75
29/6/16,112.56,3551.14
30/6/16,112.55,3549.83
1/7/16,112.55,3549.83
2/7/16,112.54,3548.53
3/7/16,112.54,3548.53
4/7/16,112.53,3547.23
5/7/16,112.52,3545.92
6/7/16,112.51,3544.62
7/7/16,112.51,3544.62
8/7/16,112.51,3544.62
9/7/16,112.50,3543.32
10/7/16,112.50,3543.32
11/7/16,112.49,3542.01
12/7/16,112.48,3540.71
13/7/16,112.47,3539.40
14/7/16,112.46,3538.10
15/7/16,112.43,3534.19
16/7/16,112.42,3532.88
17/7/16,112.41,3531.58
18/7/16,112.40,3530.28
19/7/16,112.39,3528.97
20/7/16,112.38,3527.67
21/7/16,112.37,3526.36
22/7/16,112.36,3525.06
23/7/16,112.35,3523.76
24/7/16,112.34,3522.45
25/7/16,112.34,3522.45
26/7/16,112.33,3521.15
27/7/16,112.32,3519.84
28/7/16,112.31,3518.54
29/7/16,112.30,3517.24
30/7/16,112.29,3515.93
31/7/16,112.28,3514.63
1/8/16,112.27,3513.33
2/8/16,112.26,3512.02
3/8/16,112.25,3510.72
4/8/16,112.24,3509.41
5/8/16,112.25,3510.72
6/8/16,112.24,3509.41
7/8/16,112.24,3509.41
8/8/16,112.23,3508.11
9/8/16,112.23,3508.11
10/8/16,112.22,3506.81
11/8/16,112.22,3506.81
12/8/16,112.21,3505.50
13/8/16,112.19,3502.89
14/8/16,112.17,3500.29
15/8/16,112.16,3498.98
16/8/16,112.15,3497.68
17/8/16,112.14,3496.37
18/8/16,112.13,3495.07
19/8/16,112.12,3493.77
20/8/16,112.11,3492.46
21/8/16,112.10,3491.16
22/8/16,112.09,3489.86
23/8/16,112.08,3488.55
24/8/16,112.07,3487.25
25/8/16,112.08,3488.55
26/8/16,112.08,3488.55
27/8/16,112.08,3488.55
28/8/16,112.08,3488.55
29/8/16,112.08,3488.55
30/8/16,112.07,3487.25
31/8/16,112.06,3485.94
1/9/16,112.05,3484.64
2/9/16,112.04,3483.34
3/9/16,112.03,3482.03
4/9/16,112.02,3480.73
5/9/16,112.02,3480.73
6/9/16,112.02,3480.73
7/9/16,112.01,3479.42
8/9/16,111.99,3476.82
9/9/16,111.98,3475.51
10/9/16,111.97,3474.21
11/9/16,111.97,3474.21
12/9/16,111.96,3472.90
13/9/16,111.95,3471.60
14/9/16,111.94,3470.30
15/9/16,111.93,3468.99
16/9/16,111.92,3467.69
17/9/16,111.90,3465.08
18/9/16,111.89,3463.78
19/9/16,111.88,3462.47
20/9/16,111.87,3461.17
21/9/16,111.87,3461.17
22/9/16,111.86,3459.87
23/9/16,111.86,3459.87
24/9/16,111.85,3458.56
25/9/16,111.84,3457.26
26/9/16,111.83,3455.95
27/9/16,111.83,3455.95
28/9/16,111.82,3454.65
29/9/16,111.83,3455.95
30/9/16,111.83,3455.95
1/10/16,111.83,3455.95
2/10/16,111.83,3455.95
3/10/16,111.82,3454.65
4/10/16,111.82,3454.65
5/10/16,111.80,3452.04
6/10/16,111.79,3450.74
7/10/16,111.79,3450.74
8/10/16,111.80,3452.04
9/10/16,111.80,3452.04
10/10/16,111.79,3450.74
11/10/16,111.79,3450.74
12/10/16,111.79,3450.74
13/10/16,111.77,3448.13
14/10/16,111.75,3445.52
15/10/16,111.77,3448.13
16/10/16,111.83,3455.95
17/10/16,111.90,3465.08
18/10/16,111.95,3471.60
19/10/16,111.98,3475.51
20/10/16,112.00,3478.12
21/10/16,112.02,3480.73
22/10/16,112.04,3483.34
23/10/16,112.05,3484.64
24/10/16,112.05,3484.64
25/10/16,112.06,3485.94
26/10/16,112.07,3487.25
27/10/16,112.07,3487.25
28/10/16,112.07,3487.25
29/10/16,112.08,3488.55
30/10/16,112.07,3487.25
31/10/16,112.06,3485.94
1/11/16,112.05,3484.64
2/11/16,112.04,3483.34
3/11/16,112.02,3480.73
4/11/16,112.01,3479.42
5/11/16,112.00,3478.12
6/11/16,111.99,3476.82
7/11/16,111.98,3475.51
8/11/16,111.97,3474.21
9/11/16,111.96,3472.90
10/11/16,111.95,3471.60
11/11/16,111.94,3470.30
12/11/16,111.93,3468.99
13/11/16,111.93,3468.99
14/11/16,111.92,3467.69
15/11/16,111.91,3466.38
16/11/16,111.90,3465.08
17/11/16,111.89,3463.78
18/11/16,111.89,3463.78
19/11/16,111.91,3466.38
20/11/16,111.92,3467.69
21/11/16,111.97,3474.21
22/11/16,112.02,3480.73
23/11/16,112.08,3488.55
24/11/16,112.11,3492.46
25/11/16,112.18,3501.59
26/11/16,112.26,3512.02
27/11/16,112.35,3523.76
